0001;Bloodreaver Gul'dan;Legendary;Playable Hero;10;0;30;Battlecry: Summon all friendly Demons that died this game.;00003
0002;Frost Lich Jaina;Legendary;Playable Hero;9;0;30;Battlecry: Summon a 3/6 Water Elemental. Your Elementals have Lifesteal this game.;00003
0003;Uther of the Ebon Blade;Legendary;Playable Hero;9;0;30;Battlecry: Equip a 5/3 Lifesteal weapon.;00003
0004;Valeera the Hollow;Legendary;Playable Hero;9;0;30;Battlecry: Gain Stealth until your next turn.;00003
0005;Hagatha the Witch;Legendary;Playable Hero;8;0;30;Battlecry: Deal 3 damage to all minions.;00005
0006;Scourgelord Garrosh;Legendary;Playable Hero;8;0;30;Battlecry: Equip a 4/3 Shadowmourne that also damages adjacent minions.;00003
0007;Shadowreaper Anduin;Legendary;Playable Hero;8;0;30;Battlecry: Destroy all minions with 5 or more Attack.;00003
0008;Malfurion the Pestilent;Legendary;Playable Hero;7;0;30;"Choose One - Summon 2 Poisonous Spiders or 2 Scarabs with Taunt.";00003
0009;Deathstalker Rexxar;Legendary;Playable Hero;6;0;30;Battlecry: Deal 2 damage to all enemy minions.;00003
0010;Thrall Deathseer;Legendary;Playable Hero;5;0;30;Battlecry: Transform your minions into random ones that cost (2) more.;00003
0011;The Runespear;Legendary;Weapon;8;3;3;After your hero attacks Discover a spell and cast it with random targets.;00004
0012;Woecleaver;Legendary;Weapon;8;3;3;After your hero attacks Recruit a minion.;00004
0013;Rhok'delar;Legendary;Weapon;7;4;2;Battlecry: If your deck has no minions fill your hand with Hunter spells.;00004
0014;Aluneth;Legendary;Weapon;6;0;3;At the end of your turn draw 3 cards.;00004
0015;Val'anyr;Legendary;Weapon;6;4;2;Deathrattle: Give a minion in your hand +4/+2. When it dies reequip this.;00004
0016;Skull of the Man'ari;Legendary;Weapon;5;0;3;At the start of your turn summon a Demon from your hand.;00004
0017;Twig of the World Tree;Legendary;Weapon;4;1;5;Deathrattle: Gain 10 Mana Crystals.;00004
0018;Dragon Soul;Legendary;Weapon;3;0;3;After you cast 3 spells in a turn summon a 5/5 Dragon.;00004
0019;Kingsbane;Legendary;Weapon;1;1;3;Deathrattle: Shuffle this into your deck. It keeps any enchantments.;00004
0020;Awaken the Makers;Legendary;Ability;1;0;0;Quest: Summon 7 Deathrattle minions. Reward: Amara Warden of Hope.;00002
0021;Fire Plume's Heart;Legendary;Ability;1;0;0;Quest: Play 7 Taunt minions. Reward: Sulfuras.;00002
0022;Jungle Giants;Legendary;Ability;1;0;0;Quest: Summon 5 minions with 5 or more Attack. Reward: Barnabus.;00002
0023;Lakkari Sacrifice;Legendary;Ability;1;0;0;Quest: Discard 6 cards. Reward: Nether Portal.;00002
0024;Open the Waygate;Legendary;Ability;1;0;0;Quest: Cast 6 spells that didn't start in your deck. Reward: Time Warp.;00002
0025;The Caverns Below;Legendary;Ability;1;0;0;Quest: Play five minions with the same name. Reward: Crystal Core.;00002
0026;The Last Kaleidosaur;Legendary;Ability;1;0;0;Quest: Cast 6 spells on your minions. Reward: Galvadon.;00002
0027;The Marsh Queen;Legendary;Ability;1;0;0;Quest: Play seven 1-Cost minions. Reward: Queen Carnassa.;00002
0028;Unite the Murlocs;Legendary;Ability;1;0;0;Quest: Summon 10 Murlocs. Reward: Megafin.;00002
0029;Deathwing;Legendary;Minion;10;12;12;Battlecry: Destroy all other minions and discard your hand.;00001
0030;Emeriss;Legendary;Minion;10;8;8;Battlecry: Double the Attack and Health of all minions in_your hand.;00005
0031;Tyrantus;Legendary;Minion;10;12;12;Can't be targeted by spells or Hero Powers.;00002
0032;Alexstrasza;Legendary;Minion;9;8;8;Battlecry: Set a hero's remaining Health to 15.;00001
0033;Baku the Mooneater;Legendary;Minion;9;7;8;Start of Game: If your deck has only odd-Cost cards upgrade your Hero Power.;00005
0034;Cenarius;Legendary;Minion;9;5;8;"Choose One - Give your other minions +2/+2 or Summon two 2/2 Treants with Taunt.";00001
0035;Dragoncaller Alanna;Legendary;Minion;9;3;3;Battlecry: Summon a 5/5 Dragon for each spell you cast this game that costs (5) or more.;00004
0036;Hadronox;Legendary;Minion;9;3;7;Deathrattle: Summon your Taunt minions that died this game.;00003
0037;King Krush;Legendary;Minion;9;8;8;Charge;00001
0038;King Mosh;Legendary;Minion;9;9;7;Battlecry: Destroy all damaged minions.;00002
0039;Lord Jaraxxus;Legendary;Minion;9;3;15;Battlecry: Destroy your hero and replace it with Lord Jaraxxus.;00001
0040;Malygos;Legendary;Minion;9;4;12;Spell Damage +5;00001
0041;Master Oakheart;Legendary;Minion;9;5;5;Battlecry: Recruit a 1 2 and 3-Attack minion.;00004
0042;Nozdormu;Legendary;Minion;9;8;8;Players only have 15 seconds to take their turns.;00001
0043;Onyxia;Legendary;Minion;9;8;8;Battlecry: Summon 1/1 Whelps until your side of the battlefield is full.;00001
0044;Ozruk;Legendary;Minion;9;5;5;Taunt. Battlecry: Gain +5 Health for each Elemental you played last turn.;00002
0045;Shudderwock;Legendary;Minion;9;6;6;Battlecry: Repeat all other Battlecries from cards you played  this game (targets chosen randomly).;00005
0046;Ysera;Legendary;Minion;9;4;12;At the end of your turn add a Dream Card to your hand.;00001
0047;Al'Akir the Windlord;Legendary;Minion;8;3;5;Charge Divine Shield Taunt Windfury;00001
0048;Geosculptor Yip;Legendary;Minion;8;4;8;At the end of your turn summon a random minion with Cost equal to your Armor (up to 10).;00004
0049;Grommash Hellscream;Legendary;Minion;8;4;9;Charge. Enrage: +6 Attack;00001
0050;Gruul;Legendary;Minion;8;7;7;At the end of each turn gain +1/+1 .;00001
0051;Kalimos Primal Lord;Legendary;Minion;8;7;7;Battlecry: If you played an Elemental last turn cast an Elemental Invocation.;00002
0052;Kathrena Winterwisp;Legendary;Minion;8;6;6;Battlecry and Deathrattle: Recruit a Beast.;00004
0053;King Togwaggle;Legendary;Minion;8;5;5;Battlecry: Swap decks with your opponent. Give them a Ransom spell to swap back.;00004
0054;Marin the Fox;Legendary;Minion;8;6;6;Battlecry: Summon a 0/8 Treasure Chest for your opponent. (Break it for awesome loot!);00004
0055;Rotface;Legendary;Minion;8;4;6;After this minion survives damage summon a random Legendary minion.;00003
0056;Sindragosa;Legendary;Minion;8;8;8;Battlecry: Summon two 0/1 Frozen Champions.;00003
0057;Splintergraft;Legendary;Minion;8;8;8;Battlecry: Choose a friendly minion. Add a 10/10 copy to your hand that costs (10).;00005
0058;Tess Greymane;Legendary;Minion;8;6;6;Battlecry: Replay every card from another class you've played this game (targets chosen randomly).;00005
0059;The Lich King;Legendary;Minion;8;8;8;Taunt. At the end of your turn add a random Death Knight card to your hand.;00003
0060;Tirion Fordring;Legendary;Minion;8;6;6;Divine Shield Taunt Deathrattle: Equip a 5/3 Ashbringer.;00001
0061;Archbishop Benedictus;Legendary;Minion;7;4;6;Battlecry: Shuffle a copy of your opponent's deck into your deck.;00003
0062;Archmage Antonidas;Legendary;Minion;7;5;7;Whenever you cast a spell add a 'Fireball' spell to your hand.;00001
0063;Azalina Soulthief;Legendary;Minion;7;3;3;Battlecry: Replace your hand with a copy of your_opponent's.;00005
0064;Baron Geddon;Legendary;Minion;7;7;5;At the end of your turn deal 2 damage to ALL other characters.;00001
0065;Blackhowl Gunspire;Legendary;Minion;7;3;8;Can't attack. Whenever this minion takes damage deal 3 damage to a random enemy.;00005
0066;Countess Ashmore;Legendary;Minion;7;6;6;Battlecry: Draw a Rush Lifesteal and Deathrattle card from your deck.;00005
0067;Lord Godfrey;Legendary;Minion;7;4;4;Battlecry: Deal 2 damage to all other minions. If any die repeat this Battlecry.;00005
0068;Lynessa Sunsorrow;Legendary;Minion;7;1;1;Battlecry: Cast each spell you cast on your minions this game on this one.;00004
0069;Prophet Velen;Legendary;Minion;7;7;7;Double the damage and healing of your spells and Hero Power.;00001
0070;Swamp King Dred;Legendary;Minion;7;9;9;After your opponent plays a minion attack it.;00002
0071;Temporus;Legendary;Minion;7;6;6;Battlecry: Your opponent takes two turns. Then you take two turns.;00004
0072;Cairne Bloodhoof;Legendary;Minion;6;4;5;Deathrattle: Summon a 4/5 Baine Bloodhoof.;00001
0073;Genn Greymane;Legendary;Minion;6;6;5;Start of Game: If your deck has only even-Cost cards your starting Hero Power costs (1).;00005
0074;Glinda Crowskin;Legendary;Minion;6;3;7;Minions in your hand have Echo.;00005
0075;Grumble Worldshaker;Legendary;Minion;6;7;7;Battlecry: Return your other minions to your hand. They cost (1).;00004
0076;Hemet Jungle Hunter;Legendary;Minion;6;6;6;Battlecry: Destroy all cards in your deck that cost (3) or less.;00002
0077;Hogger;Legendary;Minion;6;4;4;At the end of your turn summon a 2/2 Gnoll with Taunt.;00001
0078;Illidan Stormrage;Legendary;Minion;6;7;5;Whenever you play a card summon a 2/1 Flame of Azzinoth.;00001
0079;Lady in White;Legendary;Minion;6;5;5;Battlecry: Cast 'Inner Fire' on every minion in your deck (set Attack equal to Health).;00005
0080;Moorabi;Legendary;Minion;6;4;4;Whenever another minion is Frozen add a copy of it to your hand.;00003
0081;Rin the First Disciple;Legendary;Minion;6;3;6;Taunt. Deathrattle: Add 'The First Seal' to your hand.;00004
0082;Sunkeeper Tarim;Legendary;Minion;6;3;7;Taunt. Battlecry: Set all other minions' Attack and Health to 3.;00002
0083;The Beast;Legendary;Minion;6;9;7;Deathrattle: Summon a 3/3 Finkle Einhorn for your opponent.;00001
0084;The Black Knight;Legendary;Minion;6;4;5;Battlecry: Destroy an enemy minion with Taunt.;00001
0085;Toki Time-Tinker;Legendary;Minion;6;5;5;Battlecry: Add a random Legendary minion from the past to your hand.;00005
0086;Blood-Queen Lana'thel;Legendary;Minion;5;1;6;Lifesteal. Has +1 Attack for each card you've discarded this game.;00003
0087;Bolvar Fireblood;Legendary;Minion;5;1;7;Divine Shield. After a friendly minion loses Divine Shield gain +2 Attack.;00003
0088;Captain Greenskin;Legendary;Minion;5;5;4;Battlecry: Give your weapon +1/+1.;00001
0089;Darius Crowley;Legendary;Minion;5;4;4;Rush. After this attacks and kills a minion gain +2/+2.;00005
0090;Dollmaster Dorian;Legendary;Minion;5;2;6;Whenever you draw a minion summon a 1/1 copy of it.;00005
0091;Duskfallen Aviana;Legendary;Minion;5;3;7;On each player's turn the first card played costs (0).;00005
0092;Elise the Trailblazer;Legendary;Minion;5;5;5;Battlecry: Shuffle a sealed Un'Goro pack into your deck.;00002
0093;Harrison Jones;Legendary;Minion;5;5;4;Battlecry: Destroy your opponent's weapon and draw cards equal to its Durability.;00001
0094;Ixlid Fungal Lord;Legendary;Minion;5;2;4;After you play a minion summon a copy of it.;00004
0095;Leeroy Jenkins;Legendary;Minion;5;6;2;Charge. Battlecry: Summon two 1/1 Whelps for your opponent.;00001
0096;Lyra the Sunshard;Legendary;Minion;5;3;5;Whenever you cast a spell add a random Priest spell to your hand.;00002
0097;Prince Liam;Legendary;Minion;5;5;5;Battlecry: Transform all  1-Cost cards in your deck into Legendary minions.;00005
0098;Arfus;Legendary;Minion;4;2;2;Deathrattle: Add a random Death Knight card to your hand.;00003
0099;Houndmaster Shaw;Legendary;Minion;4;3;6;Your other minions have Rush.;00005
0100;Lilian Voss;Legendary;Minion;4;4;5;Battlecry: Replace spells in your hand with random spells (from your opponent's class).;00003
0101;Prince Valanar;Legendary;Minion;4;4;4;Battlecry: If your deck has no 4-Cost cards gain Lifesteal and Taunt.;00003
0102;Professor Putricide;Legendary;Minion;4;5;4;After you play a Secret put a random Hunter Secret into the battlefield.;00003
0103;Sherazin Corpse Flower;Legendary;Minion;4;5;3;Deathrattle: Go dormant. Play 4 cards in a turn to revive this minion.;00002
0104;Spiritsinger Umbra;Legendary;Minion;4;3;4;After you summon a minion trigger its Deathrattle effect.;00002
0105;The Darkness;Legendary;Minion;4;20;20;Starts dormant. Battlecry: Shuffle 3 Candles into the enemy deck. When drawn this awakens.;00004
0106;The Glass Knight;Legendary;Minion;4;4;3;Divine Shield. Whenever you restore Health gain Divine Shield.;00005
0107;The Voraxx;Legendary;Minion;4;3;3;After you cast a spell on this minion summon a 1/1 Plant and cast another copy on it.;00004
0108;Edwin VanCleef;Legendary;Minion;3;2;2;Combo: Gain +2/+2 for each other card you've played this turn.;00001
0109;Face Collector;Legendary;Minion;3;2;2;Echo. Battlecry: Add a random Legendary minion to your hand.;00005
0110;King Mukla;Legendary;Minion;3;5;5;Battlecry: Give your opponent 2 Bananas.;00001
0111;Prince Taldaram;Legendary;Minion;3;3;3;Battlecry: If your deck has no 3-Cost cards transform into a 3/3 copy of a minion.;00003
0112;Sonya Shadowdancer;Legendary;Minion;3;2;2;After a friendly minion dies add a 1/1 copy of it to your hand. It costs (1).;00004
0113;Tinkmaster Overspark;Legendary;Minion;3;3;3;Battlecry: Transform another random minion into a 5/5 Devilsaur or a 1/1 Squirrel.;00001
0114;Zola the Gorgon;Legendary;Minion;3;2;2;Battlecry: Choose a friendly minion. Add a Golden copy of it to your hand.;00004
0115;Archmage Arugal;Legendary;Minion;2;2;2;Whenever you draw a minion add a copy of it to your hand.;00005
0116;Bloodmage Thalnos;Legendary;Minion;2;1;1;Spell Damage +1. Deathrattle: Draw a card.;00001
0117;Clutchmother Zavas;Legendary;Minion;2;2;2;Whenever you discard this give it +2/+2 and return it to your hand.;00002
0118;Lorewalker Cho;Legendary;Minion;2;0;4;Whenever a player casts a spell put a copy into the other player’s hand.;00001
0119;Millhouse Manastorm;Legendary;Minion;2;4;4;Battlecry: Enemy spells cost (0) next turn.;00001
0120;Nat Pagle;Legendary;Minion;2;0;4;At the start of your turn you have a 50% chance to draw an extra card.;00001
0121;Prince Keleseth;Legendary;Minion;2;2;2;Battlecry: If your deck has no 2-Cost cards give all minions in your deck +1/+1.;00003
0122;Pyros;Legendary;Minion;2;2;2;Deathrattle: Return this to your hand as a 6/6 that costs (6).;00002
0123;Chameleos;Legendary;Minion;1;1;1;Each turn this is in your hand transform it into a card your opponent is holding.;00005
0124;Gladiator's Longbow;Epic;Weapon;7;5;2;Your hero is Immune while attacking.;00001
0125;Gorehowl;Epic;Weapon;7;7;1;Attacking a minion costs 1 Attack instead of 1 Durability.;00001
0126;Doomhammer;Epic;Weapon;5;2;8;Windfury Overload: (2);00001
0127;Light's Sorrow;Epic;Weapon;4;1;4;After a friendly minion loses Divine Shield gain +1 Attack.;00003
0128;Spectral Cutlass;Epic;Weapon;4;2;2;Lifesteal. Whenever you play a card from another class gain +1 Durability.;00005
0129;Sword of Justice;Epic;Weapon;3;1;5;After you summon a minion give it +1/+1 and this loses 1 Durability.;00001
0130;Bladed Gauntlet;Epic;Weapon;2;0;2;Has Attack equal to your Armor. Can't attack heroes.;00004
0131;Pyroblast;Epic;Ability;10;0;0;Deal 10 damage.;00001
0132;Ultimate Infestation;Epic;Ability;10;0;0;Deal 5 damage. Draw 5 cards. Gain 5 Armor. Summon a 5/5 Ghoul.;00003
0133;Dinosize;Epic;Ability;8;0;0;Set a minion's Attack and Health to 10.;00002
0134;Glacial Mysteries;Epic;Ability;8;0;0;Put one of each Secret from your deck into the battlefield.;00003
0135;Lay on Hands;Epic;Ability;8;0;0;Restore 8 Health. Draw 3 cards.;00001
0136;Twisting Nether;Epic;Ability;8;0;0;Destroy all minions.;00001
0137;Crushing Walls;Epic;Ability;7;0;0;Destroy your opponent's left and right-most minions.;00004
0138;Psychic Scream;Epic;Ability;7;0;0;Shuffle all minions into your opponent's deck.;00004
0139;Avenging Wrath;Epic;Ability;6;0;0;Deal 8 damage randomly split among all enemies.;00001
0140;Deadly Arsenal;Epic;Ability;6;0;0;Reveal a weapon from your deck. Deal its Attack to all minions.;00005
0141;Embrace Darkness;Epic;Ability;6;0;0;Choose an enemy minion. At the start of your turn gain control of it.;00003
0142;Meteor;Epic;Ability;6;0;0;Deal 15 damage to a minion and 3 damage to adjacent ones.;00002
0143;To My Side!;Epic;Ability;6;0;0;Summon an Animal Companion or 2 if your deck has no minions.;00004
0144;Bane of Doom;Epic;Ability;5;0;0;Deal 2 damage to a character. If that kills it summon a random Demon.;00001
0145;Brawl;Epic;Ability;5;0;0;Destroy all minions except one. (chosen randomly);00001
0146;Deck of Wonders;Epic;Ability;5;0;0;Shuffle 5 Scrolls into your deck. When drawn cast a random spell.;00004
0147;Dragon's Fury;Epic;Ability;5;0;0;Reveal a spell from your deck. Deal damage equal to its Cost to all minions.;00004
0148;Force of Nature;Epic;Ability;5;0;0;Summon three 2/2 Treants.;00001
0149;Level Up!;Epic;Ability;5;0;0;Give your Silver Hand Recruits +2/+2 and Taunt.;00004
0150;Living Mana;Epic;Ability;5;0;0;Transform your Mana Crystals into 2/2 minions. Recover the mana when they die.;00002
0151;Sudden Genesis;Epic;Ability;5;0;0;Summon copies of your damaged minions.;00002
0152;Branching Paths;Epic;Ability;4;0;0;"Choose Twice - Draw a card Give your minions +1 Attack Gain 6 Armor.";00004
0153;Call to Arms;Epic;Ability;4;0;0;Recruit 3 minions that cost (2) or less.;00004
0154;Cataclysm;Epic;Ability;4;0;0;Destroy all minions. Discard your hand.;00004
0155;Mindgames;Epic;Ability;4;0;0;Put a copy of a random minion from your opponent's deck into the battlefield.;00001
0156;WANTED!;Epic;Ability;4;0;0;Deal 3 damage to a minion. If that kills it add a Coin to your hand.;00005
0157;Wispering Woods;Epic;Ability;4;0;0;Summon a 1/1 Wisp for each card in your hand.;00005
0158;Far Sight;Epic;Ability;3;0;0;Draw a card. That card costs (3) less.;00001
0159;Reckless Flurry;Epic;Ability;3;0;0;Spend all your Armor. Deal that much damage to all minions.;00004
0160;Shadowform;Epic;Ability;3;0;0;Your Hero Power becomes 'Deal 2 damage'. If already in Shadowform: 3 damage.;00001
0161;Simulacrum;Epic;Ability;3;0;0;Copy the lowest Cost minion in your hand.;00003
0162;Spellbender;Epic;Ability;3;0;0;Secret: When an enemy casts a spell on a minion summon a 1/3 as the new target.;00001
0163;Spirit Echo;Epic;Ability;3;0;0;"Give your minions ""Deathrattle: Return this to your hand.""";00002
0164;Treachery;Epic;Ability;3;0;0;Choose a friendly minion and give it to your opponent.;00003
0165;Vivid Nightmare;Epic;Ability;3;0;0;Choose a friendly minion. Summon a copy of it with 1 Health remaining.;00005
0166;Bloodbloom;Epic;Ability;2;0;0;The next spell you cast this turn costs Health instead of Mana.;00002
0167;Book of Specters;Epic;Ability;2;0;0;Draw 3 cards. Discard any spells drawn.;00005
0168;Bring It On!;Epic;Ability;2;0;0;Gain 10 Armor. Reduce the Cost of minions in your opponent's hand by (2).;00003
0169;Cryostasis;Epic;Ability;2;0;0;Give a minion +3/+3 and Freeze it.;00003
0170;Dead Man's Hand;Epic;Ability;2;0;0;Shuffle a copy of your hand into your deck.;00003
0171;Dinomancy;Epic;Ability;2;0;0;Your Hero Power becomes 'Give a Beast +2/+2.';00002
0172;Evasion;Epic;Ability;2;0;0;Secret: After your hero takes damage become Immune this turn.;00004
0173;Explore Un'Goro;Epic;Ability;2;0;0;"Replace your deck with copies of ""Discover a card.""";00002
0174;Primordial Glyph;Epic;Ability;2;0;0;Discover a spell. Reduce its Cost by (2).;00002
0175;Rat Trap;Epic;Ability;2;0;0;Secret: After your opponent plays three cards in a turn summon a 6/6 Rat.;00005
0176;Shadow Visions;Epic;Ability;2;0;0;Discover a copy of a spell in your deck.;00002
0177;Snake Trap;Epic;Ability;2;0;0;Secret: When one of your minions is attacked summon three 1/1 Snakes.;00001
0178;Toxic Arrow;Epic;Ability;2;0;0;Deal 2 damage to a minion. If it survives give it Poisonous.;00003
0179;Bestial Wrath;Epic;Ability;1;0;0;Give a friendly Beast +2 Attack and Immune this turn.;00001
0180;Doomerang;Epic;Ability;1;0;0;Throw your weapon at a minion. It deals its damage then returns to your hand.;00003
0181;Hidden Wisdom;Epic;Ability;1;0;0;Secret: After your opponent plays three cards in a turn draw 2 cards.;00005
0182;Shield Slam;Epic;Ability;1;0;0;Deal 1 damage to a minion for each Armor you have.;00001
0183;Stampede;Epic;Ability;1;0;0;Each time you play a Beast this turn add a random Beast to your hand.;00002
0184;Unstable Evolution;Epic;Ability;1;0;0;Transform a friendly minion into one that costs (1) more. Repeatable this turn.;00004
0185;Preparation;Epic;Ability;0;0;0;The next spell you cast this turn costs (3) less.;00001
0186;Mountain Giant;Epic;Minion;12;8;8;Costs (1) less for each other card in your hand.;00001
0187;Snowfury Giant;Epic;Minion;11;8;8;Costs (1) less for each Mana Crystal you've Overloaded this game.;00003
0188;Sea Giant;Epic;Minion;10;8;8;Costs (1) less for each other minion on the battlefield.;00001
0189;Dragonhatcher;Epic;Minion;9;2;4;At the end of your turn Recruit a Dragon.;00004
0190;Obsidian Statue;Epic;Minion;9;4;8;Taunt Lifesteal Deathrattle: Destroy a random enemy minion.;00003
0191;Voidlord;Epic;Minion;9;3;9;Taunt Deathrattle: Summon three 1/3 Demons with Taunt.;00004
0192;Charged Devilsaur;Epic;Minion;8;7;7;Charge. Battlecry: Can't attack heroes this turn.;00002
0193;Grand Archivist;Epic;Minion;8;4;7;At the end of your turn cast a spell from your deck (targets chosen randomly).;00004
0194;Primordial Drake;Epic;Minion;8;4;8;Taunt. Battlecry: Deal 2 damage to all other minions.;00002
0195;Splitting Festeroot;Epic;Minion;8;4;4;Deathrattle: Summon two 2/2 Splitting Saplings.;00005
0196;Tortollan Primalist;Epic;Minion;8;5;4;Battlecry: Discover a spell and cast it with random targets.;00002
0197;Abominable Bowman;Epic;Minion;7;6;7;Deathrattle: Summon a random friendly Beast that died this game.;00003
0198;Ancient of Lore;Epic;Minion;7;5;5;"Choose One - Draw a card or Restore 5 Health.";00001
0199;Ancient of War;Epic;Minion;7;5;5;"Choose One - +5 Attack or +5 Health and Taunt.";00001
0200;Blazecaller;Epic;Minion;7;6;6;Battlecry: If you played an Elemental last turn deal 5 damage.;00002
0201;Bogshaper;Epic;Minion;7;4;8;Whenever you cast a spell draw a minion from your deck.;00005
0202;Corridor Creeper;Epic;Minion;7;2;5;Costs (1) less whenever a minion dies while this is in your hand.;00004
0203;Giant Anaconda;Epic;Minion;7;5;3;Deathrattle: Summon a minion from your hand with 5 or more Attack.;00002
0204;Stone Sentinel;Epic;Minion;7;4;4;Battlecry: If you played an Elemental last turn summon two 2/3 Elementals with Taunt.;00002
0205;Worgen Abomination;Epic;Minion;7;6;6;At the end of your turn deal 2 damage to all other damaged minions.;00005
0206;Blackguard;Epic;Minion;6;3;9;Whenever your hero is healed deal that much damage to a random enemy minion.;00003
0207;Cabal Shadow Priest;Epic;Minion;6;4;5;Battlecry: Take control of an enemy minion that has 2 or less Attack.;00001
0208;Furnacefire Colossus;Epic;Minion;6;6;6;Battlecry: Discard all weapons from your hand and gain their stats.;00003
0209;Kidnapper;Epic;Minion;6;5;3;Combo: Return a minion to its owner's hand.;00001
0210;Mossy Horror;Epic;Minion;6;2;7;Battlecry: Destroy all other minions with 2 or less Attack.;00005
0211;Nerubian Unraveler;Epic;Minion;6;5;5;Spells cost (2) more.;00003
0212;Skulking Geist;Epic;Minion;6;4;6;Battlecry: Destroy all 1-Cost spells in both hands and decks.;00003
0213;Spectral Pillager;Epic;Minion;6;5;5;Combo: Deal damage equal to the number of other cards you've played this turn.;00003
0214;Spiteful Summoner;Epic;Minion;6;4;4;Battlecry: Reveal a spell from your deck. Summon a random minion with the same Cost.;00004
0215;Arcane Tyrant;Epic;Minion;5;4;4;Costs (0) if you've cast a spell that costs (5) or more this turn.;00004
0216;Big Game Hunter;Epic;Minion;5;4;2;Battlecry: Destroy a minion with 7 or more Attack.;00001
0217;Bittertide Hydra;Epic;Minion;5;8;8;Whenever this minion takes damage deal 3 damage to your hero.;00002
0218;Carnivorous Cube;Epic;Minion;5;4;6;Battlecry: Destroy a friendly minion. Deathrattle: Summon 2 copies of it.;00004
0219;Deathweb Spider;Epic;Minion;5;4;6;Battlecry: If your hero took damage this turn gain Lifesteal.;00005
0220;Earth Elemental;Epic;Minion;5;7;8;Taunt. Overload: (3);00001
0221;Faceless Manipulator;Epic;Minion;5;3;3;Battlecry: Choose a minion and become a copy of it.;00001
0222;Fatespinner;Epic;Minion;5;5;3;"Choose a Deathrattle (Secretly) - Deal 3 damage to all minions or Give them +2/+2.";00003
0223;Glitter Moth;Epic;Minion;5;4;4;Battlecry: If your deck has only odd-Cost cards double the Health of your other minions.;00005
0224;Gloom Stag;Epic;Minion;5;2;6;Taunt. Battlecry: If your deck has only odd-Cost cards gain +2/+2.;00005
0225;Muck Hunter;Epic;Minion;5;5;8;Rush. Battlecry: Summon two 2/1 Mucklings for your opponent.;00005
0226;Tomb Lurker;Epic;Minion;5;5;3;Battlecry: Add a random Deathrattle minion that died this game to your hand.;00003
0227;Vilespine Slayer;Epic;Minion;5;3;4;Combo: Destroy a minion.;00002
0228;Windshear Stormcaller;Epic;Minion;5;5;5;Battlecry: If you control all 4 basic Totems summon Al'Akir the Windlord.;00004
0229;Arcane Keysmith;Epic;Minion;4;2;2;Battlecry: Discover a Secret. Put it into the battlefield.;00005
0230;Astral Tiger;Epic;Minion;4;3;5;Deathrattle: Shuffle a copy of this minion into your deck.;00004
0231;Bright-Eyed Scout;Epic;Minion;4;3;4;Battlecry: Draw a card. Change its Cost to (5).;00002
0232;Corpsetaker;Epic;Minion;4;3;3;Battlecry: Gain Taunt if your deck has a Taunt minion. Repeat for Divine Shield Lifesteal Windfury.;00003
0233;Deathaxe Punisher;Epic;Minion;4;3;3;Battlecry: Give a random Lifesteal minion in your hand +2/+2.;00003
0234;Fal'dorei Strider;Epic;Minion;4;4;4;Battlecry: Shuffle 3 Ambushes into your deck. When drawn summon a 4/4 Spider.;00004
0235;Gentle Megasaur;Epic;Minion;4;5;4;Battlecry: Adapt your Murlocs.;00002
0236;Meat Wagon;Epic;Minion;4;1;4;Deathrattle: Summon a minion from your deck with less Attack than this minion.;00003
0237;Pit Lord;Epic;Minion;4;5;6;Battlecry: Deal 5 damage to your hero.;00001
0238;Rattling Rascal;Epic;Minion;4;2;2;Battlecry: Summon a 5/5 Skeleton. Deathrattle: Summon one for your opponent.;00003
0239;Sandbinder;Epic;Minion;4;2;4;Battlecry: Draw an Elemental from your deck.;00005
0240;Shimmering Courser;Epic;Minion;4;3;3;Only you can target this with spells and Hero Powers.;00004
0241;Totem Cruncher;Epic;Minion;4;2;3;Taunt. Battlecry: Destroy your Totems. Gain +2/+2 for each destroyed.;00005
0242;Toxmonger;Epic;Minion;4;2;4;Whenever you play a 1-Cost minion give it Poisonous.;00005
0243;Blood Knight;Epic;Minion;3;3;3;Battlecry: All minions lose Divine Shield. Gain +3/+3 for each Shield lost.;00001
0244;Chittering Tunneler;Epic;Minion;3;3;3;Battlecry: Discover a spell. Deal damage to your hero equal to its Cost.;00002
0245;Curious Glimmerroot;Epic;Minion;3;3;3;Battlecry: Look at 3 cards. Guess which one started in your opponent's deck to get a copy of it.;00002
0246;Drakkari Enchanter;Epic;Minion;3;1;5;Your end of turn effects trigger twice.;00003
0247;Gluttonous Ooze;Epic;Minion;3;3;3;Battlecry: Destroy your opponent's weapon and gain Armor equal to its Attack.;00002
0248;Murloc Warleader;Epic;Minion;3;3;3;Your other Murlocs have +2 Attack.;00001
0249;Nightmare Amalgam;Epic;Minion;3;3;4;This is an Elemental Mech Demon Murloc Dragon Beast Pirate and Totem.;00005
0250;Ratcatcher;Epic;Minion;3;2;2;Rush. Battlecry: Destroy a friendly minion and gain its Attack and Health.;00005
0251;Rummaging Kobold;Epic;Minion;3;1;3;Battlecry: Return one of your destroyed weapons to your hand.;00004
0252;Southsea Captain;Epic;Minion;3;3;3;Your other Pirates have +1/+1.;00001
0253;Twilight Acolyte;Epic;Minion;3;2;4;Battlecry: If you're holding a Dragon swap this minion's Attack with another minion's.;00004
0254;Void Ripper;Epic;Minion;3;3;3;Battlecry: Swap the Attack and Health of all other minions.;00004
0255;Voodoo Doll;Epic;Minion;3;1;1;Battlecry: Choose a minion. Deathrattle: Destroy the chosen minion.;00005
0256;Witch's Cauldron;Epic;Minion;3;0;4;After a friendly minion dies add a random Shaman spell to your hand.;00005
0257;Baleful Banker;Epic;Minion;2;2;2;Battlecry: Choose a friendly minion. Shuffle a copy of it into your deck.;00005
0258;Biteweed;Epic;Minion;2;1;1;Combo: Gain +1/+1 for each other card you've played this turn.;00002
0259;Cathedral Gargoyle;Epic;Minion;2;2;2;Battlecry: If you're holding a Dragon gain Taunt and Divine Shield.;00005
0260;Doomsayer;Epic;Minion;2;0;7;At the start of your turn destroy ALL minions.;00001
0261;Gnomeferatu;Epic;Minion;2;2;3;Battlecry: Remove the top card of your opponent's deck.;00003
0262;Patient Assassin;Epic;Minion;2;1;1;Stealth. Poisonous;00001
0263;Primalfin Champion;Epic;Minion;2;1;2;Deathrattle: Return any spells you cast on this minion to your hand.;00002
0264;Emerald Hive Queen;Epic;Minion;1;2;3;Your minions cost (2) more.;00002
0265;Hungry Crab;Epic;Minion;1;1;2;Battlecry: Destroy a Murloc and gain +2/+2.;00001
0266;Town Crier;Epic;Minion;1;1;2;Battlecry: Draw a Rush minion from your deck.;00005
0267;Silver Sword;Rare;Weapon;8;3;4;After your hero attacks give your minions +1/+1.;00005
0268;Vinecleaver;Rare;Weapon;7;4;3;After your hero attacks summon two 1/1 Silver Hand Recruits.;00002
0269;Obsidian Shard;Rare;Weapon;4;3;3;Costs (1) less for each card you've played from another class.;00002
0270;Eaglehorn Bow;Rare;Weapon;3;3;2;Whenever a friendly Secret is revealed gain +1 Durability.;00001
0271;Ice Breaker;Rare;Weapon;3;1;3;Destroy any Frozen minion damaged by this.;00003
0272;Perdition's Blade;Rare;Weapon;3;2;2;Battlecry: Deal 1 damage. Combo: Deal 2 instead.;00001
0273;Shadowblade;Rare;Weapon;3;3;2;Battlecry: Your hero is Immune this turn.;00003
0274;Unidentified Maul;Rare;Weapon;3;2;2;Gains a bonus effect in your hand.;00004
0275;Molten Blade;Rare;Weapon;1;1;1;Each turn this is in your hand transform it into a new weapon.;00002
0276;Free From Amber;Rare;Ability;8;0;0;Discover a minion that costs (8) or more. Summon it.;00002
0277;Lesser Diamond Spellstone;Rare;Ability;7;0;0;Resurrect 2 different friendly minions. (Cast 4 spells to upgrade.);00004
0278;Lesser Mithril Spellstone;Rare;Ability;7;0;0;Summon one 5/5 Mithril Golem. (Equip a weapon to upgrade.);00004
0279;Lesser Sapphire Spellstone;Rare;Ability;7;0;0;Summon 1 copy of a friendly minion. (Overload 3 Mana Crystals to upgrade.);00004
0280;Blizzard;Rare;Ability;6;0;0;Deal 2 damage to all enemy minions and Freeze them.;00001
0281;Gather Your Party;Rare;Ability;6;0;0;Recruit a minion.;00004
0282;Holy Fire;Rare;Ability;6;0;0;Deal 5 damage. Restore 5 Health to your hero.;00001
0283;Shadow Essence;Rare;Ability;6;0;0;Summon a 5/5 copy of a random minion in your deck.;00003
0284;Siphon Soul;Rare;Ability;6;0;0;Destroy a minion. Restore 3 Health to your hero.;00001
0285;Spikeridged Steed;Rare;Ability;6;0;0;Give a minion +2/+6 and Taunt. When it dies summon a Stegodon.;00002
0286;Spreading Plague;Rare;Ability;6;0;0;Summon a 1/5 Scarab with Taunt. If your opponent has more minions cast this again.;00003
0287;Blessed Champion;Rare;Ability;5;0;0;Double a minion's Attack.;00001
0288;Devour Mind;Rare;Ability;5;0;0;Copy 3 cards in your opponent's deck and add them to your hand.;00003
0289;Explosive Shot;Rare;Ability;5;0;0;Deal 5 damage to a minion and 2 damage to adjacent ones.;00001
0290;Feeding Time;Rare;Ability;5;0;0;Deal 3 damage to a minion. Summon three 1/1 Pterrordaxes.;00002
0291;Holy Water;Rare;Ability;5;0;0;Deal 4 damage to a minion. If that kills it add a copy of it to your hand.;00005
0292;Holy Wrath;Rare;Ability;5;0;0;Draw a card and deal damage equal to its Cost.;00001
0293;Lesser Emerald Spellstone;Rare;Ability;5;0;0;Summon two 3/3 Wolves. (Play a Secret to upgrade.);00004
0294;Lesser Onyx Spellstone;Rare;Ability;5;0;0;Destroy 1 random enemy minion. (Play 3 Deathrattle cards to upgrade.);00004
0295;Nourish;Rare;Ability;5;0;0;"Choose One - Gain 2 Mana Crystals or Draw 3 cards.";00001
0296;Starfall;Rare;Ability;5;0;0;"Choose One - Deal 5 damage to a minion or 2 damage to all enemy minions.";00001
0297;Volcano;Rare;Ability;5;0;0;Deal 15 damage randomly split among all minions. Overload: (2);00002
0298;Avalanche;Rare;Ability;4;0;0;Freeze a minion and deal 3 damage to adjacent ones.;00003
0299;Bite;Rare;Ability;4;0;0;Give your hero +4 Attack this turn. Gain 4 Armor.;00001
0300;Blade Flurry;Rare;Ability;4;0;0;Destroy your weapon and deal its damage to all enemy minions.;00001
0301;Eternal Servitude;Rare;Ability;4;0;0;Discover a friendly minion that died this game. Summon it.;00003
0302;Evolving Spores;Rare;Ability;4;0;0;Adapt your minions.;00002
0303;Lesser Amethyst Spellstone;Rare;Ability;4;0;0;Lifesteal. Deal 3 damage to a minion. (Take damage from your cards to upgrade.);00004
0304;Mass Dispel;Rare;Ability;4;0;0;Silence all enemy minions. Draw a card.;00001
0305;Molten Reflection;Rare;Ability;4;0;0;Choose a friendly minion. Summon a copy of it.;00002
0306;Mortal Strike;Rare;Ability;4;0;0;Deal 4 damage. If you have 12 or less Health deal 6 instead.;00001
0307;Shadow Madness;Rare;Ability;4;0;0;Gain control of an enemy minion with 3 or less Attack until end of turn.;00001
0308;Shadowflame;Rare;Ability;4;0;0;Destroy a friendly minion and deal its Attack damage to all enemy minions.;00001
0309;Wing Blast;Rare;Ability;4;0;0;Deal 4 damage to a minion. If a minion died this turn this costs (1).;00005
0310;Cinderstorm;Rare;Ability;3;0;0;Deal 5 damage randomly split among all enemies.;00005
0311;Counterspell;Rare;Ability;3;0;0;Secret: When your opponent casts a spell Counter it.;00001
0312;Divine Favor;Rare;Ability;3;0;0;Draw cards until you have as many in hand as your opponent.;00001
0313;Envenom Weapon;Rare;Ability;3;0;0;Give your weapon Poisonous.;00002
0314;Explosive Runes;Rare;Ability;3;0;0;Secret: After your opponent plays a minion deal 6 damage to it and any excess to their hero.;00004
0315;Feral Spirit;Rare;Ability;3;0;0;Summon two 2/3 Spirit Wolves with Taunt. Overload: (2);00001
0316;Headcrack;Rare;Ability;3;0;0;Deal 2 damage to the enemy hero. Combo: Return this to your hand next turn.;00001
0317;Lava Burst;Rare;Ability;3;0;0;Deal 5 damage. Overload: (2);00001
0318;Lightning Storm;Rare;Ability;3;0;0;Deal 2-3 damage to all enemy minions. Overload: (2);00001
0319;Mana Bind;Rare;Ability;3;0;0;Secret: When your opponent casts a spell add a copy to your hand that costs (0).;00002
0320;Mimic Pod;Rare;Ability;3;0;0;Draw a card then add a copy of it to your hand.;00002
0321;Primal Talismans;Rare;Ability;3;0;0;"Give your minions ""Deathrattle: Summon a random basic Totem.""";00004
0322;Twilight's Call;Rare;Ability;3;0;0;Summon 1/1 copies of 2 friendly Deathrattle minions that died this game.;00004
0323;Unwilling Sacrifice;Rare;Ability;3;0;0;Choose a friendly minion. Destroy it and a random enemy minion.;00003
0324;Vaporize;Rare;Ability;3;0;0;Secret: When a minion attacks your hero destroy it.;00001
0325;Witching Hour;Rare;Ability;3;0;0;Summon a random friendly Beast that died this game.;00005
0326;Ancestral Spirit;Rare;Ability;2;0;0;"Give a minion ""Deathrattle: Resummon this minion.""";00001
0327;Commanding Shout;Rare;Ability;2;0;0;Your minions can't be reduced below 1 Health this turn. Draw a card.;00001
0328;Corrupting Mist;Rare;Ability;2;0;0;Corrupt every minion. Destroy them at the start of your next turn.;00002
0329;Curse of Weakness;Rare;Ability;2;0;0;Echo. Give all enemy minions -2 Attack until your next turn.;00005
0330;Defile;Rare;Ability;2;0;0;Deal 1 damage to all minions. If any die cast this again.;00003
0331;Desperate Stand;Rare;Ability;2;0;0;"Give a minion ""Deathrattle: Return this to life with 1 Health.""";00003
0332;Earthen Might;Rare;Ability;2;0;0;Give a minion +2/+2. If it's an Elemental add a random Elemental to your hand.;00005
0333;Equality;Rare;Ability;2;0;0;Change the Health of ALL minions to 1.;00001
0334;Flare;Rare;Ability;2;0;0;All minions lose Stealth. Destroy all enemy Secrets. Draw a card.;00001
0335;Lesser Pearl Spellstone;Rare;Ability;2;0;0;Summon a 2/2 Spirit with Taunt. (Restore 3 Health to upgrade.);00004
0336;Lesser Ruby Spellstone;Rare;Ability;2;0;0;Add 1 random Mage spell to your hand. (Play 2 Elementals to upgrade.);00004
0337;Misdirection;Rare;Ability;2;0;0;Secret: When an enemy attacks your hero instead it attacks another random character.;00001
0338;Pick Pocket;Rare;Ability;2;0;0;Echo. Add a random card to your hand (from your opponent's class).;00005
0339;Roll the Bones;Rare;Ability;2;0;0;Draw a card. If it has Deathrattle cast this again.;00003
0340;Venomstrike Trap;Rare;Ability;2;0;0;Secret: When one of your minions is attacked summon a 2/3 Poisonous Cobra.;00003
0341;Wandering Monster;Rare;Ability;2;0;0;Secret: When an enemy attacks your hero summon a 3-Cost minion as the new target.;00004
0342;Blazing Invocation;Rare;Ability;1;0;0;Discover a Battlecry minion.;00005
0343;Dark Possession;Rare;Ability;1;0;0;Deal 2 damage to a friendly character. Discover a Demon.;00005
0344;Earthen Scales;Rare;Ability;1;0;0;Give a friendly minion +1/+1 then gain Armor equal to its Attack.;00002
0345;Lesser Jasper Spellstone;Rare;Ability;1;0;0;Deal 2 damage to a minion. (Gain 3 Armor to upgrade.);00004
0346;Savagery;Rare;Ability;1;0;0;Deal damage equal to your hero's Attack to a minion.;00001
0347;Upgrade!;Rare;Ability;1;0;0;If you have a weapon give it +1/+1. Otherwise equip a 1/3 weapon.;00001
0348;Gilnean Royal Guard;Rare;Minion;8;3;8;Divine Shield Rush. Each turn this is in your hand swap its Attack and Health.;00005
0349;Grizzled Guardian;Rare;Minion;8;3;5;Taunt Deathrattle: Recruit 2 minions that cost (4) or less.;00004
0350;Nightscale Matriarch;Rare;Minion;7;4;9;Whenever a friendly minion is healed summon a 3/3 Whelp.;00005
0351;Ravenholdt Assassin;Rare;Minion;7;7;5;Stealth;00001
0352;Volcanosaur;Rare;Minion;7;5;6;Battlecry: Adapt then Adapt.;00002
0353;Argent Commander;Rare;Minion;6;4;2;Charge. Divine Shield.;00001
0354;Bone Drake;Rare;Minion;6;6;5;Deathrattle: Add a random Dragon to your hand.;00003
0355;Coffin Crasher;Rare;Minion;6;6;5;Deathrattle: Summon a Deathrattle minion from your hand.;00005
0356;Cruel Dinomancer;Rare;Minion;6;5;5;Deathrattle: Summon a random minion you discarded this game.;00002
0357;Crystal Lion;Rare;Minion;6;5;5;Divine Shield. Costs (1) less for each Silver Hand Recruit you control.;00004
0358;Cursed Castaway;Rare;Minion;6;5;3;Rush. Deathrattle: Draw a Combo card from your deck.;00005
0359;Frozen Crusher;Rare;Minion;6;8;8;After this minion attacks Freeze it.;00002
0360;Gadgetzan Auctioneer;Rare;Minion;6;4;4;Whenever you cast a spell draw a card.;00001
0361;Hungry Ettin;Rare;Minion;6;4;10;Taunt. Battlecry: Summon a random 2-Cost minion for your opponent.;00004
0362;Savannah Highmane;Rare;Minion;6;6;5;Deathrattle: Summon two 2/2 Hyenas.;00001
0363;Seeping Oozeling;Rare;Minion;6;5;4;Battlecry: Gain the Deathrattle of a random minion in your deck.;00004
0364;Sunwalker;Rare;Minion;6;4;5;Taunt. Divine Shield;00001
0365;Abomination;Rare;Minion;5;4;4;Taunt. Deathrattle: Deal 2 damage to ALL characters.;00001
0366;Bewitched Guardian;Rare;Minion;5;4;1;Taunt. Battlecry: Gain +1 Health for each card in your hand.;00005
0367;Bonfire Elemental;Rare;Minion;5;5;5;Battlecry: If you played an Elemental last turn draw a card.;00005
0368;Carrion Drake;Rare;Minion;5;3;7;Battlecry: If a minion died this turn gain Poisonous.;00005
0369;Chief Inspector;Rare;Minion;5;4;6;Battlecry: Destroy all enemy Secrets.;00005
0370;Corpse Raiser;Rare;Minion;5;3;3;"Battlecry: Give a friendly minion ""Deathrattle: Resummon this minion.""";00003
0371;Corpse Widow;Rare;Minion;5;4;6;Your Deathrattle cards cost (2) less.;00003
0372;Curio Collector;Rare;Minion;5;4;4;Whenever you draw a card gain +1/+1.;00005
0373;Death Revenant;Rare;Minion;5;3;3;Battlecry: Gain +1/+1 for each damaged minion.;00003
0374;Despicable Dreadlord;Rare;Minion;5;4;5;At the end of your turn deal 1 damage to all enemy minions.;00003
0375;Direhorn Hatchling;Rare;Minion;5;3;6;Taunt. Deathrattle: Shuffle a 6/9 Direhorn with Taunt into your deck.;00002
0376;Doomguard;Rare;Minion;5;5;7;Charge. Battlecry: Discard two random cards.;00001
0377;Festeroot Hulk;Rare;Minion;5;2;7;After a friendly minion attacks gain +1 Attack.;00005
0378;Furbolg Mossbinder;Rare;Minion;5;1;1;Battlecry: Transform a friendly minion into a 6/6 Elemental.;00004
0379;Possessed Lackey;Rare;Minion;5;2;2;Deathrattle: Recruit a Demon.;00004
0380;Servant of Kalimos;Rare;Minion;5;4;5;Battlecry: If you played an Elemental last turn Discover an Elemental.;00002
0381;Stampeding Kodo;Rare;Minion;5;3;5;Battlecry: Destroy a random enemy minion with 2 or less Attack.;00001
0382;Tol'vir Warden;Rare;Minion;5;3;5;Battlecry: Draw two 1-Cost minions from your deck.;00002
0383;Voodoo Hexxer;Rare;Minion;5;2;7;Taunt. Freeze any character damaged by this minion.;00003
0384;Witchwood Grizzly;Rare;Minion;5;3;12;Taunt. Battlecry: Lose 1 Health for each card in your opponent's hand.;00005
0385;Ancient Mage;Rare;Minion;4;2;5;Battlecry: Give adjacent minions Spell Damage +1.;00001
0386;Arrogant Crusader;Rare;Minion;4;5;2;Deathrattle: If it's your opponent's turn summon a 2/2 Ghoul.;00003
0387;Auchenai Soulpriest;Rare;Minion;4;3;5;Your cards and powers that restore Health now deal damage instead.;00001
0388;Bellringer Sentry;Rare;Minion;4;3;4;Battlecry and Deathrattle: Put a Secret from your deck into the battlefield.;00005
0389;Blood Witch;Rare;Minion;4;3;6;At the start of your turn deal 1 damage to your hero.;00005
0390;Defender of Argus;Rare;Minion;4;2;3;Battlecry: Give adjacent minions +1/+1 and Taunt.;00001
0391;Duskbreaker;Rare;Minion;4;3;3;Battlecry: If you're holding a Dragon deal 3 damage to all other minions.;00004
0392;Ebon Dragonsmith;Rare;Minion;4;3;4;Battlecry: Reduce the Cost of a random weapon in your hand by (2).;00004
0393;Elven Minstrel;Rare;Minion;4;3;2;Combo: Draw 2 minions from your deck.;00004
0394;Ethereal Arcanist;Rare;Minion;4;3;3;If you control a Secret at the end of your turn gain +2/+2.;00001
0395;Exploding Bloatbat;Rare;Minion;4;2;1;Deathrattle: Deal 2 damage to all enemy minions.;00003
0396;Forest Guide;Rare;Minion;4;1;6;At the end of your turn both players draw a card.;00005
0397;Ghastly Conjurer;Rare;Minion;4;2;6;Battlecry: Add a 'Mirror Image' spell to your hand.;00003
0398;Hooked Reaver;Rare;Minion;4;4;4;Battlecry: If you have 15 or less Health gain +3/+3 and Taunt.;00004
0399;Keening Banshee;Rare;Minion;4;5;5;Whenever you play a card remove the top 3 cards of your deck.;00003
0400;Keeper of the Grove;Rare;Minion;4;2;2;"Choose One - Deal 2 damage or Silence a minion.";00001
0401;Kobold Illusionist;Rare;Minion;4;3;3;Deathrattle: Summon a 1/1 copy of a minion from your hand.;00004
0402;Kobold Monk;Rare;Minion;4;3;6;Your hero can't be targeted by spells or Hero Powers.;00004
0403;Leyline Manipulator;Rare;Minion;4;4;5;Battlecry: If you're holding any cards that didn't start in your deck reduce their Cost by (2).;00004
0404;Lifedrinker;Rare;Minion;4;3;3;Battlecry: Deal 3 damage to the enemy hero. Restore 3 Health to your hero.;00005
0405;Lightfused Stegodon;Rare;Minion;4;3;4;Battlecry: Adapt your Silver Hand Recruits.;00002
0406;Mad Hatter;Rare;Minion;4;3;2;Battlecry: Randomly toss 3 hats to other minions. Each hat gives +1/+1.;00005
0407;Master of Disguise;Rare;Minion;4;4;4;Battlecry: Give a friendly minion Stealth until your next turn.;00001
0408;Militia Commander;Rare;Minion;4;2;5;Rush. Battlecry: Gain +3 Attack this turn.;00005
0409;Mistwraith;Rare;Minion;4;3;5;Whenever you play an Echo card gain +1/+1.;00005
0410;Night Prowler;Rare;Minion;4;3;3;Battlecry: If this is the only minion in the battlefield gain +3/+3.;00005
0411;Phantom Freebooter;Rare;Minion;4;3;3;Battlecry: Gain stats equal to your weapon's.;00003
0412;Runeforge Haunter;Rare;Minion;4;5;3;During your turn your weapon doesn't lose Durability.;00003
0413;Saronite Chain Gang;Rare;Minion;4;2;3;Taunt. Battlecry: Summon a copy of this minion.;00003
0414;Scaleworm;Rare;Minion;4;4;4;Battlecry: If you're holding a Dragon gain +1 Attack and Rush.;00005
0415;Shellshifter;Rare;Minion;4;3;3;"Choose One - Transform into a 5/3 with Stealth or a 3/5 with Taunt.";00002
0416;Steam Surger;Rare;Minion;4;5;4;Battlecry: If you played an Elemental last turn add a 'Flame Geyser' to your hand.;00002
0417;Strongshell Scavenger;Rare;Minion;4;2;3;Battlecry: Give your Taunt minions +2/+2.;00003
0418;Ticking Abomination;Rare;Minion;4;5;6;Deathrattle: Deal 5 damage to your minions.;00003
0419;Tol'vir Stoneshaper;Rare;Minion;4;3;5;Battlecry: If you played an Elemental last turn gain Taunt and Divine Shield.;00002
0420;Twilight Drake;Rare;Minion;4;4;1;Battlecry: Gain +1 Health for each card in your hand.;00001
0421;Violet Teacher;Rare;Minion;4;3;5;Whenever you cast a spell summon a 1/1 Violet Apprentice.;00001
0422;Witchwood Piper;Rare;Minion;4;3;3;Battlecry: Draw the lowest Cost minion from your deck.;00005
0423;Alarm-o-Bot;Rare;Minion;3;0;3;At the start of your turn swap this minion with a random one in your hand.;00001
0424;Aldor Peacekeeper;Rare;Minion;3;3;3;Battlecry: Change an enemy minion's Attack to 1.;00001
0425;Arcane Golem;Rare;Minion;3;4;4;Battlecry: Give your opponent a Mana Crystal.;00001
0426;Coldlight Seer;Rare;Minion;3;2;3;Battlecry: Give your other Murlocs +2 Health.;00001
0427;Demolisher;Rare;Minion;3;1;4;At the start of your turn deal 2 damage to a random enemy.;00001
0428;Devilsaur Egg;Rare;Minion;3;0;3;Deathrattle: Summon a 5/5 Devilsaur.;00002
0429;Doomed Apprentice;Rare;Minion;3;3;2;Your opponent's spells cost (1) more.;00003
0430;Duskhaven Hunter;Rare;Minion;3;2;5;Stealth Each turn this is in your hand swap its Attack and Health.;00005
0431;Emperor Cobra;Rare;Minion;3;2;3;Poisonous;00001
0432;Felguard;Rare;Minion;3;3;5;Taunt. Battlecry: Destroy one of your Mana Crystals.;00001
0433;Frothing Berserker;Rare;Minion;3;2;4;Whenever a minion takes damage gain +1 Attack.;00001
0434;Greedy Sprite;Rare;Minion;3;3;1;Deathrattle: Gain an empty Mana Crystal.;00004
0435;Happy Ghoul;Rare;Minion;3;3;3;Costs (0) if your hero was healed this turn.;00003
0436;Howling Commander;Rare;Minion;3;2;2;Battlecry: Draw a Divine Shield minion from your deck.;00003
0437;Humongous Razorleaf;Rare;Minion;3;4;8;Can't attack.;00002
0438;Imp Master;Rare;Minion;3;1;5;At the end of your turn deal 1 damage to this minion and summon a 1/1 Imp.;00001
0439;Injured Blademaster;Rare;Minion;3;4;7;Battlecry: Deal 4 damage to HIMSELF.;00001
0440;Kirin Tor Mage;Rare;Minion;3;4;3;Battlecry: The next Secret you play this turn costs (0).;00001
0441;Kobold Barbarian;Rare;Minion;3;4;4;At the start of your turn attack a random enemy.;00004
0442;Lone Champion;Rare;Minion;3;2;4;Battlecry: If you control no other minions gain Taunt and Divine Shield.;00004
0443;Mana Tide Totem;Rare;Minion;3;0;3;At the end of your turn draw a card.;00001
0444;Mind Control Tech;Rare;Minion;3;3;3;Battlecry: If your opponent has 4 or more minions take control of one at random.;00001
0445;Mindbreaker;Rare;Minion;3;2;5;Hero Powers are disabled.;00003
0446;Mirage Caller;Rare;Minion;3;2;3;Battlecry: Choose a friendly minion. Summon a 1/1 copy of it.;00002
0447;Mountainfire Armor;Rare;Minion;3;4;3;Deathrattle: If it's your opponent's turn gain 6 Armor.;00003
0448;Paragon of Light;Rare;Minion;3;2;5;While this minion has 3 or more Attack it has Taunt and Lifesteal.;00005
0449;Phantom Militia;Rare;Minion;3;2;4;Echo. Taunt;00005
0450;Questing Adventurer;Rare;Minion;3;2;2;Whenever you play a card gain +1/+1.;00001
0451;Shallow Gravedigger;Rare;Minion;3;3;1;Deathrattle: Add a random Deathrattle minion to your hand.;00003
0452;Shrieking Shroom;Rare;Minion;3;1;2;At the end of your turn summon a random 1-Cost minion.;00004
0453;SI:7 Agent;Rare;Minion;3;3;3;Combo: Deal 2 damage.;00001
0454;Stonehill Defender;Rare;Minion;3;1;4;Taunt. Battlecry: Discover a Taunt minion.;00002
0455;Terrorscale Stalker;Rare;Minion;3;3;3;Battlecry: Trigger a friendly minion's Deathrattle.;00002
0456;Val'kyr Soulclaimer;Rare;Minion;3;1;4;After this minion survives damage summon a 2/2 Ghoul.;00003
0457;Vicious Fledgling;Rare;Minion;3;3;3;After this minion attacks a hero Adapt.;00002
0458;Void Terror;Rare;Minion;3;3;3;Battlecry: Destroy both adjacent minions and gain their Attack and Health.;00001
0459;Ancient Watcher;Rare;Minion;2;4;5;Can't attack.;00001
0460;Armorsmith;Rare;Minion;2;1;4;Whenever a friendly minion takes damage gain 1 Armor.;00001
0461;Cornered Sentry;Rare;Minion;2;2;6;Taunt. Battlecry: Summon three 1/1 Raptors for your opponent.;00002
0462;Crazed Alchemist;Rare;Minion;2;2;2;Battlecry: Swap the Attack and Health of a minion.;00001
0463;Druid of the Swarm;Rare;Minion;2;1;2;"Choose One - Transform into a 1/2 with Poisonous or a 1/5 with Taunt.";00003
0464;Fire Plume Harbinger;Rare;Minion;2;1;1;Battlecry: Reduce the Cost of Elementals in your hand by (1).;00002
0465;Golakka Crawler;Rare;Minion;2;2;3;Battlecry: Destroy a Pirate and gain +1/+1.;00002
0466;Ice Walker;Rare;Minion;2;1;3;Your Hero Power also Freezes the target.;00003
0467;Knife Juggler;Rare;Minion;2;2;2;After you summon a minion deal 1 damage to a random enemy.;00001
0468;Lightwell;Rare;Minion;2;0;5;At the start of your turn restore 3 Health to a damaged friendly character.;00001
0469;Mana Addict;Rare;Minion;2;1;3;Whenever you cast a spell gain +2 Attack this turn.;00001
0470;Mana Wraith;Rare;Minion;2;2;2;ALL minions cost (1) more.;00001
0471;Master Swordsmith;Rare;Minion;2;1;3;At the end of your turn give another random friendly minion +1 Attack.;00001
0472;Murkspark Eel;Rare;Minion;2;2;3;Battlecry: If your deck has only even-Cost cards deal 2 damage.;00005
0473;Murmuring Elemental;Rare;Minion;2;1;1;Battlecry: Your next Battlecry this turn triggers twice.;00004
0474;Pint-Sized Summoner;Rare;Minion;2;2;2;The first minion you play each turn costs (1) less.;00001
0475;Primalfin Totem;Rare;Minion;2;0;3;At the end of your turn summon a 1/1 Murloc.;00002
0476;Redband Wasp;Rare;Minion;2;1;3;Rush. Has +3 Attack while damaged.;00005
0477;Scorp-o-matic;Rare;Minion;2;1;2;Battlecry: Destroy a minion with 1 or less Attack.;00004
0478;Sunfury Protector;Rare;Minion;2;2;3;Battlecry: Give adjacent minions Taunt.;00001
0479;Wild Pyromancer;Rare;Minion;2;3;2;After you cast a spell deal 1 damage to ALL minions.;00001
0480;Angry Chicken;Rare;Minion;1;1;1;Enrage: +5 Attack.;00001
0481;Bloodsail Corsair;Rare;Minion;1;1;2;Battlecry: Remove 1 Durability from your opponent's weapon.;00001
0482;Crystalline Oracle;Rare;Minion;1;1;1;Deathrattle: Copy a card from your opponent's deck and add it to your hand.;00002
0483;Feral Gibberer;Rare;Minion;1;1;1;After this minion attacks a hero add a copy of it to your hand.;00004
0484;Gravelsnout Knight;Rare;Minion;1;2;3;Battlecry: Summon a random 1-Cost minion for your opponent.;00004
0485;Lightwarden;Rare;Minion;1;1;2;Whenever a character is healed gain +2 Attack.;00001
0486;Murloc Tidecaller;Rare;Minion;1;1;2;Whenever you summon a Murloc gain +1 Attack.;00001
0487;Raptor Hatchling;Rare;Minion;1;2;1;Deathrattle: Shuffle a 4/3 Raptor into your deck.;00002
0488;Secretkeeper;Rare;Minion;1;1;2;Whenever a Secret is played gain +1/+1.;00001
0489;Young Priestess;Rare;Minion;1;2;1;At the end of your turn give another random friendly minion +1 Health.;00001
0490;Blood Razor;Common;Weapon;4;2;2;Battlecry and Deathrattle: Deal 1 damage to all minions.;00003
0491;Stormforged Axe;Common;Weapon;2;2;3;Overload: (1);00001
0492;Woodcutter's Axe;Common;Weapon;2;2;2;Deathrattle: Give +2/+1 to a random friendly Rush minion.;00005
0493;Candleshot;Common;Weapon;1;1;3;Your hero is Immune while attacking.;00004
0494;Unidentified Shield;Common;Ability;6;0;0;Gain 5 Armor. Gains a bonus effect in your hand.;00004
0495;Webweave;Common;Ability;5;0;0;Summon two 1/2 Poisonous Spiders.;00003
0496;Cone of Cold;Common;Ability;4;0;0;Freeze a minion and the minions next to it and deal 1 damage to them.;00001
0497;Dire Frenzy;Common;Ability;4;0;0;Give a Beast +3/+3. Shuffle 3 copies into your deck with +3/+3.;00005
0498;Fiendish Circle;Common;Ability;4;0;0;Summon four 1/1 Imps.;00005
0499;Flanking Strike;Common;Ability;4;0;0;Deal 3 damage to a minion. Summon a 3/3 Wolf.;00004
0500;Oaken Summons;Common;Ability;4;0;0;Gain 6 Armor. Recruit a minion that costs (4) or less.;00004
0501;Soul of the Forest;Common;Ability;4;0;0;"Give your minions ""Deathrattle: Summon a 2/2 Treant.""";00001
0502;Tidal Surge;Common;Ability;4;0;0;Deal 4 damage to a minion. Restore 4 Health to your hero.;00002
0503;Deadly Shot;Common;Ability;3;0;0;Destroy a random enemy minion.;00001
0504;Ferocious Howl;Common;Ability;3;0;0;Draw a card. Gain 1 Armor for each card in your hand.;00005
0505;Frozen Clone;Common;Ability;3;0;0;Secret: After your opponent plays a minion add two copies of it to your hand.;00003
0506;Gnash;Common;Ability;3;0;0;Give your hero +3 Attack this turn. Gain 3 Armor.;00003
0507;Healing Rain;Common;Ability;3;0;0;Restore 12 Health randomly split among all friendly characters.;00004
0508;Ice Barrier;Common;Ability;3;0;0;Secret: When your hero is attacked gain 8 Armor.;00001
0509;Mark of Nature;Common;Ability;3;0;0;"Choose One - Give a minion +4 Attack or +4 Health and Taunt.";00001
0510;Mirror Entity;Common;Ability;3;0;0;Secret: After your opponent plays a minion summon a copy of it.;00001
0511;Sense Demons;Common;Ability;3;0;0;Draw 2 Demons from your deck.;00001
0512;Thoughtsteal;Common;Ability;3;0;0;Copy 2 cards in your opponent's deck and add them to your hand.;00001
0513;Unidentified Elixir;Common;Ability;3;0;0;Give a minion +2/+2. Gains a bonus effect in your hand.;00004
0514;Unleash the Hounds;Common;Ability;3;0;0;For each enemy minion summon a 1/1 Hound with Charge.;00001
0515;Battle Rage;Common;Ability;2;0;0;Draw a card for each damaged friendly character.;00001
0516;Betrayal;Common;Ability;2;0;0;Force an enemy minion to deal its damage to the minions next to it.;00001
0517;Cheap Shot;Common;Ability;2;0;0;Echo. Deal 2 damage to a minion.;00005
0518;Cheat Death;Common;Ability;2;0;0;Secret: When a friendly minion dies return it to your hand. It costs (2) less.;00004
0519;Crushing Hand;Common;Ability;2;0;0;Deal 8 damage to a minion. Overload: (3);00004
0520;Dark Conviction;Common;Ability;2;0;0;Set a minion's Attack and Health to 3.;00003
0521;Demonfire;Common;Ability;2;0;0;Deal 2 damage to a minion. If it’s a friendly Demon give it +2/+2 instead.;00001
0522;Divine Hymn;Common;Ability;2;0;0;Restore 6 Health to all friendly characters.;00005
0523;Drain Soul;Common;Ability;2;0;0;Lifesteal. Deal 2 damage to a minion.;00003
0524;Eviscerate;Common;Ability;2;0;0;Deal 2 damage. Combo: Deal 4 damage instead.;00001
0525;Explosive Trap;Common;Ability;2;0;0;Secret: When your hero is attacked deal 2 damage to all enemies.;00001
0526;Flame Geyser;Common;Ability;2;0;0;Deal 2 damage. Add a 1/2 Elemental to your hand.;00002
0527;Forge of Souls;Common;Ability;2;0;0;Draw 2 weapons from your deck.;00003
0528;Freezing Trap;Common;Ability;2;0;0;Secret: When an enemy minion attacks return it to its owner's hand. It costs (2) more.;00001
0529;Grievous Bite;Common;Ability;2;0;0;Deal 2 damage to a minion and 1 damage to adjacent ones.;00002
0530;Ice Fishing;Common;Ability;2;0;0;Draw 2 Murlocs from your deck.;00003
0531;Leeching Poison;Common;Ability;2;0;0;Give your weapon Lifesteal.;00003
0532;Potion of Heroism;Common;Ability;2;0;0;Give a minion Divine Shield. Draw a card.;00004
0533;Power of the Wild;Common;Ability;2;0;0;"Choose One - Give your minions +1/+1 or Summon a 3/2 Panther.";00001
0534;Rampage;Common;Ability;2;0;0;Give a damaged minion +3/+3.;00001
0535;Razorpetal Volley;Common;Ability;2;0;0;Add two Razorpetals to your hand that deal 1 damage.;00002
0536;Rebuke;Common;Ability;2;0;0;Enemy spells cost (5) more next turn.;00005
0537;Slam;Common;Ability;2;0;0;Deal 2 damage to a minion. If it survives draw a card.;00001
0538;Snap Freeze;Common;Ability;2;0;0;Freeze a minion. If it's already Frozen destroy it.;00005
0539;Snipe;Common;Ability;2;0;0;Secret: After your opponent plays a minion deal 4 damage to it.;00001
0540;Sound the Bells!;Common;Ability;2;0;0;Echo. Give a minion +1/+2.;00005
0541;Spirit Lash;Common;Ability;2;0;0;Lifesteal. Deal 1 damage to all minions.;00003
0542;Sudden Betrayal;Common;Ability;2;0;0;Secret: When a minion attacks your hero instead it attacks one of its neighbors.;00004
0543;Warpath;Common;Ability;2;0;0;Echo. Deal  1 damage to all minions.;00005
0544;Witchwood Apple;Common;Ability;2;0;0;Add three 2/2 Treants to your hand.;00005
0545;Wrath;Common;Ability;2;0;0;"Choose One - Deal 3 damage to a minion or 1 damage and draw a card.";00001
0546;Adaptation;Common;Ability;1;0;0;Adapt a friendly minion.;00002
0547;Barkskin;Common;Ability;1;0;0;Give a minion +3 Health. Gain 3 Armor.;00004
0548;Binding Heal;Common;Ability;1;0;0;Restore 5 Health to a minion and your hero.;00002
0549;Blessing of Wisdom;Common;Ability;1;0;0;Choose a minion. Whenever it attacks draw a card.;00001
0550;Breath of Sindragosa;Common;Ability;1;0;0;Deal 2 damage to a random enemy minion and Freeze it.;00003
0551;Cold Blood;Common;Ability;1;0;0;Give a minion +2 Attack. Combo: +4 Attack instead.;00001
0552;Dark Pact;Common;Ability;1;0;0;Destroy a friendly minion. Restore 8 Health to your hero.;00004
0553;Earth Shock;Common;Ability;1;0;0;Silence a minion then deal 1 damage to it.;00001
0554;Eye for an Eye;Common;Ability;1;0;0;Secret: When your hero takes damage deal that much damage to the enemy hero.;00001
0555;Forked Lightning;Common;Ability;1;0;0;Deal 2 damage to 2 random enemy minions. Overload: (2);00001
0556;Hallucination;Common;Ability;1;0;0;Discover a card from your opponent's class.;00002
0557;Inner Fire;Common;Ability;1;0;0;Change a minion's Attack to be equal to its Health.;00001
0558;Iron Hide;Common;Ability;1;0;0;Gain 5 Armor.;00002
0559;Lightning Bolt;Common;Ability;1;0;0;Deal 3 damage. Overload: (1);00001
0560;Lost in the Jungle;Common;Ability;1;0;0;Summon two 1/1 Silver Hand Recruits.;00002
0561;Naturalize;Common;Ability;1;0;0;Destroy a minion. Your opponent draws 2 cards.;0001
0562;Noble Sacrifice;Common;Ability;1;0;0;Secret: When an enemy attacks summon a 2/1 Defender as the new target.;00001
0563;Play Dead;Common;Ability;1;0;0;Trigger a friendly minion's Deathrattle.;00003
0564;Psionic Probe;Common;Ability;1;0;0;Copy a spell in your opponent's deck and add it to your hand.;00004
0565;Redemption;Common;Ability;1;0;0;Secret: When a friendly minion dies return it to life with 1 Health.;00001
0566;Repentance;Common;Ability;1;0;0;Secret: After your opponent plays a minion reduce its Health to 1.;00001
0567;Circle of Healing;Common;Ability;0;0;0;Restore 4 Health to ALL minions.;00001
0568;Inner Rage;Common;Ability;0;0;0;Deal 1 damage to a minion and give it +2 Attack.;00001
0569;Shadowstep;Common;Ability;0;0;0;Return a friendly minion to your hand. It costs (2) less.;00001
0570;Shifting Scroll;Common;Ability;0;0;0;Each turn this is in your hand transform it into a random Mage spell.;00004
0571;Silence;Common;Ability;0;0;0;Silence a minion.;00001
0572;Zap!;Common;Ability;0;0;0;Deal 2 damage to a minion. Overload: (1);00005
0573;Ultrasaur;Common;Minion;10;7;14;;00002
0574;Giant Mastodon;Common;Minion;9;6;10;Taunt;00002
0575;Sleepy Dragon;Common;Minion;9;4;12;Taunt;00004
0576;Bonemare;Common;Minion;8;5;5;Battlecry: Give a friendly minion +4/+4 and Taunt.;00003
0577;Cauldron Elemental;Common;Minion;8;7;7;Your other Elementals have +2 Attack.;00005
0578;Deranged Doctor;Common;Minion;8;8;8;Deathrattle: Restore 8 Health to your hero.;00005
0579;Violet Wurm;Common;Minion;8;7;7;Deathrattle: Summon seven 1/1 Grubs.;00004
0580;Darkmire Moonkin;Common;Minion;7;2;8;Spell Damage +2;00005
0581;Furious Ettin;Common;Minion;7;5;9;Taunt;00005
0582;Sated Threshadon;Common;Minion;7;5;7;Deathrattle: Summon three 1/1 Murlocs.;00002
0583;Silver Vanguard;Common;Minion;7;3;3;Deathrattle: Recruit an 8-Cost minion.;00004
0584;Stormwatcher;Common;Minion;7;4;8;Windfury;00002
0585;Tar Lord;Common;Minion;7;1;11;Taunt. Has +4 Attack during your opponent’s turn.;00002
0586;Wyrmguard;Common;Minion;7;3;11;Battlecry: If you're holding a Dragon gain +1 Attack and Taunt.;00005
0587;Frost Elemental;Common;Minion;6;5;5;Battlecry: Freeze a character.;00001
0588;Gemstudded Golem;Common;Minion;6;5;9;Taunt. Can only attack if you have 5 or more Armor.;00004
0589;Necrotic Geist;Common;Minion;6;5;3;Whenever one of your other minions dies summon a 2/2 Ghoul.;00003
0590;Ornery Direhorn;Common;Minion;6;5;5;Taunt. Battlecry: Adapt.;00002
0591;Priestess of Elune;Common;Minion;6;5;4;Battlecry: Restore 4 Health to your hero.;00001
0592;Sabretooth Stalker;Common;Minion;6;8;2;Stealth;00002
0593;Spellweaver;Common;Minion;6;4;4;Spell Damage +2;00003
0594;Temple Enforcer;Common;Minion;6;6;6;Battlecry: Give a friendly minion +3 Health.;00001
0595;Windfury Harpy;Common;Minion;6;4;5;Windfury;00001
0596;Bloodworm;Common;Minion;5;4;4;Lifesteal;00003
0597;Bone Baron;Common;Minion;5;5;5;Deathrattle: Add two 1/1 Skeletons to your hand.;00003
0598;Clockwork Automaton;Common;Minion;5;4;4;Double the damage and healing of your Hero Power.;00005
0599;Cobalt Scalebane;Common;Minion;5;5;5;At the end of your turn give another random friendly minion +3 Attack.;00003
0600;Corrosive Sludge;Common;Minion;5;5;5;Battlecry: Destroy your opponent's weapon.;00004
0601;Druid of the Claw;Common;Minion;5;4;4;"Choose One - Transform into a 4/4 with Charge or a 4/6 with Taunt.";00001
0602;Fen Creeper;Common;Minion;5;3;6;Taunt;00001
0603;Fungalmancer;Common;Minion;5;2;2;Battlecry: Give adjacent minions +2/+2.;00004
0604;Ghostly Charger;Common;Minion;5;3;4;Divine Shield. Rush.;00005
0605;Green Jelly;Common;Minion;5;3;3;At the end of your turn summon a 1/2 Ooze with Taunt.;00004
0606;Guild Recruiter;Common;Minion;5;2;4;Battlecry: Recruit a minion that costs (4) or less.;00004
0607;Nesting Roc;Common;Minion;5;4;7;Battlecry: If you control at least 2 other minions gain Taunt.;00002
0608;Quartz Elemental;Common;Minion;5;5;8;Can't attack while damaged.;00005
0609;Rotten Applebaum;Common;Minion;5;4;5;Taunt. Deathrattle: Restore 4 Health to your hero.;00005
0610;Silver Hand Knight;Common;Minion;5;4;4;Battlecry: Summon a 2/2 Squire.;00001
0611;Skelemancer;Common;Minion;5;2;2;Deathrattle: If it's your opponent's turn summon an 8/8 Skeleton.;00003
0612;Spiteful Smith;Common;Minion;5;4;6;Enrage: Your weapon has +2 Attack.;00001
0613;Stranglethorn Tiger;Common;Minion;5;5;5;Stealth;00001
0614;Sunborne Val'kyr;Common;Minion;5;5;4;Battlecry: Give adjacent minions +2 Health.;00003
0615;Tar Lurker;Common;Minion;5;1;7;Taunt. Has +3 Attack during your opponent's turn.;00002
0616;Trogg Gloomeater;Common;Minion;5;1;5;Taunt. Poisonous.;00004
0617;Venomancer;Common;Minion;5;2;5;Poisonous;00003
0618;Venture Co. Mercenary;Common;Minion;5;7;6;Your minions cost (3) more.;00001
0619;Verdant Longneck;Common;Minion;5;5;4;Battlecry: Adapt.;00002
0620;Vilebrood Skitterer;Common;Minion;5;1;3;Poisonous. Rush;00005
0621;Ancient Brewmaster;Common;Minion;4;5;4;Battlecry: Return a friendly minion from the battlefield to your hand.;00001
0622;Arathi Weaponsmith;Common;Minion;4;3;3;Battlecry: Equip a 2/2 weapon.;00001
0623;Chillblade Champion;Common;Minion;4;3;2;Charge. Lifesteal;00003
0624;Cult Master;Common;Minion;4;4;2;Whenever one of your other minions dies draw a card.;00001
0625;Cursed Disciple;Common;Minion;4;5;1;Deathrattle: Summon a 5/1 Revenant.;00004
0626;Dark Iron Dwarf;Common;Minion;4;4;4;Battlecry: Give a minion +2 Attack this turn.;00001
0627;Dread Corsair;Common;Minion;4;3;3;Taunt. Costs (1) less per Attack of your weapon.;00001
0628;Felsoul Inquisitor;Common;Minion;4;1;6;Lifesteal. Taunt;00005
0629;Fire Plume Phoenix;Common;Minion;4;3;3;Battlecry: Deal 2 damage.;00002
0630;Grave Shambler;Common;Minion;4;4;4;Whenever your weapon is destroyed gain +1/+1.;00003
0631;Grim Necromancer;Common;Minion;4;2;4;Battlecry: Summon two 1/1 Skeletons.;00003
0632;Hoarding Dragon;Common;Minion;4;5;6;Deathrattle: Give your opponent two Coins.;00004
0633;Ironwood Golem;Common;Minion;4;3;6;Taunt. Can only attack if you have 3 or more Armor.;00004
0634;Lakkari Felhound;Common;Minion;4;3;8;Taunt. Battlecry: Discard two random cards.;00002
0635;Lightspawn;Common;Minion;4;0;5;This minion's Attack is always equal to its Health.;00001
0636;Mogu'shan Warden;Common;Minion;4;1;7;Taunt;00001
0637;Night Howler;Common;Minion;4;3;4;Whenever this minion takes damage gain +2 Attack.;00003
0638;Ravenous Pterrordax;Common;Minion;4;4;4;Battlecry: Destroy a friendly minion to Adapt twice.;00002
0639;Shroom Brewer;Common;Minion;4;4;4;Battlecry: Restore 4 Health.;00004
0640;Silvermoon Guardian;Common;Minion;4;3;3;Divine Shield;00001
0641;Sneaky Devil;Common;Minion;4;2;2;Stealth. Your other minions have +1 Attack.;00004
0642;Spellbreaker;Common;Minion;4;4;3;Battlecry: Silence a minion.;00001
0643;Stegodon;Common;Minion;4;2;6;Taunt;00002
0644;Summoning Portal;Common;Minion;4;0;4;Your minions cost (2) less but not less than (1).;00001
0645;Swift Messenger;Common;Minion;4;2;6;Rush. Each turn this is in your hand swap its Attack and Health.;00005
0646;Tortollan Shellraiser;Common;Minion;4;2;6;Taunt Deathrattle: Give a random friendly minion +1/+1.;00002
0647;Unpowered Steambot;Common;Minion;4;0;9;Taunt;00005
0648;Vex Crow;Common;Minion;4;3;3;Whenever you cast a spell summon a random 2-Cost minion.;00005
0649;Wicked Skeleton;Common;Minion;4;1;1;Battlecry: Gain +1/+1 for each minion that died this turn.;00003
0650;Acolyte of Agony;Common;Minion;3;3;3;Lifesteal;00003
0651;Acolyte of Pain;Common;Minion;3;1;3;Whenever this minion takes damage draw a card.;00001
0652;Bearshark;Common;Minion;3;4;3;Can't be targeted by spells or Hero Powers.;00003
0653;Benevolent Djinn;Common;Minion;3;2;4;At the end of your turn restore 3 Health to your hero.;00004
0654;Black Cat;Common;Minion;3;3;3;Spell Damage +1. Battlecry: If your deck has only odd-Cost cards draw a card.;00005
0655;Blackwald Pixie;Common;Minion;3;3;4;Battlecry: Refresh your Hero Power.;00005
0656;Blink Fox;Common;Minion;3;3;3;Battlecry: Add a random card to your hand (from your opponent's class).;00005
0657;Boisterous Bard;Common;Minion;3;3;2;Battlecry: Give your other minions +1 Health.;00004
0658;Cave Hydra;Common;Minion;3;2;4;Also damages the minions next to whomever this attacks.;00004
0659;Coldwraith;Common;Minion;3;3;4;Battlecry: If an enemy is Frozen draw a card.;00003
0660;Crypt Lord;Common;Minion;3;1;6;Taunt. After you summon a minion gain +1 Health.;00003
0661;Cutthroat Buccaneer;Common;Minion;3;2;4;Combo: Give your weapon +1 Attack.;00005
0662;Deathspeaker;Common;Minion;3;2;4;Battlecry: Give a friendly minion Immune this turn.;00003
0663;Dragonslayer;Common;Minion;3;4;3;Battlecry: Deal 6 damage to a Dragon.;00004
0664;Drakkari Defender;Common;Minion;3;2;8;Taunt. Overload: (3);00003
0665;Druid of the Scythe;Common;Minion;3;2;2;"Choose One - Transform into a 4/2 with Rush or a 2/4 with Taunt.";00005
0666;Duskbat;Common;Minion;3;2;4;Battlecry: If your hero took damage this turn summon two 1/1 Bats.;00005
0667;Earthen Ring Farseer;Common;Minion;3;3;3;Battlecry: Restore 3 Health.;00001
0668;Eggnapper;Common;Minion;3;3;1;Deathrattle: Summon two 1/1 Raptors.;00002
0669;Elder Longneck;Common;Minion;3;5;1;Battlecry: If you're holding a minion with 5 or more Attack Adapt.;00002
0670;Flesheating Ghoul;Common;Minion;3;2;3;Whenever a minion dies gain +1 Attack.;00001
0671;Fungal Enchanter;Common;Minion;3;3;3;Battlecry: Restore 2 Health to all friendly characters.;00004
0672;Giant Wasp;Common;Minion;3;2;2;Stealth. Poisonous;00002
0673;Gilded Gargoyle;Common;Minion;3;2;2;Deathrattle: Add a Coin to your hand.;00004
0674;Harvest Golem;Common;Minion;3;2;3;Deathrattle: Summon a 2/1 Damaged Golem.;00001
0675;Hench-Clan Thug;Common;Minion;3;3;3;After your hero attacks give this minion +1/+1.;00005
0676;Hot Spring Guardian;Common;Minion;3;2;4;Taunt. Battlecry: Restore 3 Health.;00002
0677;Howlfiend;Common;Minion;3;3;6;Whenever this minion takes damage discard a random card.;00003
0678;Hyldnir Frostrider;Common;Minion;3;4;4;Battlecry: Freeze your other minions.;00003
0679;Igneous Elemental;Common;Minion;3;2;3;Deathrattle: Add two 1/2 Elementals to your hand.;00002
0680;Ironbeak Owl;Common;Minion;3;2;1;Battlecry: Silence a minion.;00001
0681;Jungle Panther;Common;Minion;3;4;2;Stealth;00001
0682;Kobold Apprentice;Common;Minion;3;2;1;Battlecry: Deal 3 damage randomly split among all enemies.;00004
0683;Marsh Drake;Common;Minion;3;5;4;Battlecry: Summon a 2/1 Poisonous Drakeslayer for your opponent.;00005
0684;Plague Scientist;Common;Minion;3;2;3;Combo: Give a friendly minion Poisonous.;00003
0685;Primalfin Lookout;Common;Minion;3;3;2;Battlecry: If you control another Murloc Discover a Murloc.;00002
0686;Pterrordax Hatchling;Common;Minion;3;2;2;Battlecry: Adapt.;00002
0687;Pumpkin Peasant;Common;Minion;3;2;4;Lifesteal. Each turn this is in your hand swap its Attack and Health.;00005
0688;Rabid Worgen;Common;Minion;3;3;3;Rush;00005
0689;Raging Worgen;Common;Minion;3;3;3;Enrage: Windfury and +1 Attack.;00001
0690;Ravencaller;Common;Minion;3;2;1;Battlecry: Add two random 1-Cost minions to your hand.;00005
0691;Scarlet Crusader;Common;Minion;3;3;1;Divine Shield;00001
0692;Sewer Crawler;Common;Minion;3;1;1;Battlecry: Summon a 2/3 Giant Rat.;00004
0693;Stitched Tracker;Common;Minion;3;2;2;Battlecry: Discover a copy of a minion in your deck.;00003
0694;Stoneskin Basilisk;Common;Minion;3;1;1;Divine Shield. Poisonous;00004
0695;Tanglefur Mystic;Common;Minion;3;3;4;Battlecry: Add a random 2-Cost minion to each player's hand.;00005
0696;Tar Creeper;Common;Minion;3;1;5;Taunt. Has +2 Attack during your opponent's turn.;00002
0697;Tauren Warrior;Common;Minion;3;2;3;Taunt. Enrage: +3 Attack.;00001
0698;Thrallmar Farseer;Common;Minion;3;2;3;Windfury;00001
0699;Thunder Lizard;Common;Minion;3;3;3;Battlecry: If you played an Elemental last turn Adapt.;00002
0700;Toothy Chest;Common;Minion;3;0;4;At the start of your turn set this minion's Attack to 4.;00004
0701;Unbound Elemental;Common;Minion;3;2;4;Whenever you play a card with Overload gain +1/+1.;00001
0702;Vryghoul;Common;Minion;3;3;1;Deathrattle: If it's your opponent's turn summon a 2/2 Ghoul.;00003
0703;Walnut Sprite;Common;Minion;3;3;3;Echo;00005
0704;Amani Berserker;Common;Minion;2;2;3;Enrage: +3 Attack;00001
0705;Arcanologist;Common;Minion;2;2;3;Battlecry: Draw a Secret from your deck.;00002
0706;Argent Protector;Common;Minion;2;2;2;Battlecry: Give a friendly minion Divine Shield.;00001
0707;Bloodsail Raider;Common;Minion;2;2;3;Battlecry: Gain Attack equal to the Attack of your weapon.;00001
0708;Brrrloc;Common;Minion;2;2;2;Battlecry: Freeze an enemy.;00003
0709;Cavern Shinyfinder;Common;Minion;2;3;1;Battlecry: Draw a weapon from your deck.;00004
0710;Crackling Razormaw;Common;Minion;2;3;2;Battlecry: Adapt a friendly Beast.;00002
0711;Cruel Taskmaster;Common;Minion;2;2;2;Battlecry: Deal 1 damage to a minion and give it +2 Attack.;00001
0712;Defias Ringleader;Common;Minion;2;2;2;Combo: Summon a 2/1 Defias Bandit.;00001
0713;Dire Wolf Alpha;Common;Minion;2;2;2;Adjacent minions have +1 Attack.;00001
0714;Drygulch Jailor;Common;Minion;2;1;1;Deathrattle: Add 3 Silver Hand Recruits to your hand.;00004
0715;Drywhisker Armorer;Common;Minion;2;2;2;Battlecry: For each enemy minion gain 2 Armor.;00004
0716;Faerie Dragon;Common;Minion;2;3;2;Can't be targeted by spells or Hero Powers.;00001
0717;Fallen Sun Cleric;Common;Minion;2;2;1;Battlecry: Give a friendly minion +1/+1.;00003
0718;Ghost Light Angler;Common;Minion;2;2;2;Echo;00005
0719;Hunting Mastiff;Common;Minion;2;2;1;Echo. Rush;00005
0720;Hydrologist;Common;Minion;2;2;2;Battlecry: Discover a Secret.;00002
0721;Kobold Hermit;Common;Minion;2;1;1;Battlecry: Choose a basic Totem. Summon it.;00004
0722;Loot Hoarder;Common;Minion;2;2;1;Deathrattle: Draw a card.;00001
0723;Lost Spirit;Common;Minion;2;1;1;Deathrattle: Give your minions +1 Attack.;00005
0724;Mad Bomber;Common;Minion;2;3;2;Battlecry: Deal 3 damage randomly split between all other characters.;00001
0725;Plated Beetle;Common;Minion;2;2;3;Deathrattle: Gain 3 Armor.;00004
0726;Radiant Elemental;Common;Minion;2;2;3;Your spells cost (1) less.;00002
0727;Ravasaur Runt;Common;Minion;2;2;2;Battlecry: If you control at least 2 other minions Adapt.;00002
0728;Raven Familiar;Common;Minion;2;2;2;Battlecry: Reveal a spell in each deck. If yours costs more draw it.;00004
0729;Razorpetal Lasher;Common;Minion;2;2;2;Battlecry: Add a Razorpetal to your hand that deals 1 damage.;00002
0730;Rockpool Hunter;Common;Minion;2;2;3;Battlecry: Give a friendly Murloc +1/+1.;00002
0731;Scavenging Hyena;Common;Minion;2;2;2;Whenever a friendly Beast dies gain +2/+1.;00001
0732;Shadow Ascendant;Common;Minion;2;2;2;At the end of your turn give another random friendly minion +1/+1.;00003
0733;Shimmering Tempest;Common;Minion;2;2;1;Deathrattle: Add a random Mage spell to your hand.;00002
0734;Sorcerer's Apprentice;Common;Minion;2;3;2;Your spells cost (1) less.;00001
0735;Spellshifter;Common;Minion;2;1;4;Spell Damage +1. Each turn this is in your hand swap its Attack and Health.;00005
0736;Squashling;Common;Minion;2;2;1;Echo. Battlecry: Restore 2 Health.;00005
0737;Stubborn Gastropod;Common;Minion;2;1;2;Taunt. Poisonous;00002
0738;Tainted Zealot;Common;Minion;2;1;1;Divine Shield. Spell Damage +1;00003
0739;Tortollan Forager;Common;Minion;2;2;2;Battlecry: Add a random minion with 5 or more Attack to your hand.;00002
0740;Tuskarr Fisherman;Common;Minion;2;2;3;Battlecry: Give a friendly minion Spell Damage +1.;00003
0741;Vicious Scalehide;Common;Minion;2;1;3;Lifesteal. Rush;00005
0742;Volatile Elemental;Common;Minion;2;1;1;Deathrattle: Deal 3 damage to a random enemy minion.;00002
0743;Vulgar Homunculus;Common;Minion;2;2;4;Taunt. Battlecry: Deal 2 damage to your hero.;00004
0744;Youthful Brewmaster;Common;Minion;2;3;2;Battlecry: Return a friendly minion from the battlefield to your hand.;00001
0745;Abusive Sergeant;Common;Minion;1;1;1;Battlecry: Give a minion +2 Attack this turn.;00001
0746;Acherus Veteran;Common;Minion;1;2;1;Battlecry: Give a friendly minion +1 Attack.;00003
0747;Air Elemental;Common;Minion;1;2;1;Can't be targeted by spells or Hero Powers.;00002
0748;Animated Berserker;Common;Minion;1;1;3;After you play a minion deal 1 damage to it.;00003
0749;Arcane Artificer;Common;Minion;1;1;2;Whenever you cast a spell gain Armor equal to its Cost.;00004
0750;Argent Squire;Common;Minion;1;1;1;Divine Shield;00001
0751;Blood Imp;Common;Minion;1;0;1;Stealth. At the end of your  turn give another randomv riendly minion +1 Health.;00001
0752;Deadscale Knight;Common;Minion;1;1;1;Lifesteal;00003
0753;Dire Mole;Common;Minion;1;1;3;;00004
0754;Dust Devil;Common;Minion;1;3;1;Windfury. Overload: (2);00001
0755;Emerald Reaver;Common;Minion;1;2;1;Battlecry: Deal 1 damage to each hero.;00002
0756;Fire Fly;Common;Minion;1;1;2;Battlecry: Add a 1/2 Elemental to your hand.;00002
0757;Flame Imp;Common;Minion;1;3;2;Battlecry: Deal 3 damage to your hero.;00001
0758;Glacial Shard;Common;Minion;1;2;1;Battlecry: Freeze an enemy.;00002
0759;Jeweled Macaw;Common;Minion;1;1;1;Battlecry: Add a random Beast to your hand.;00002
0760;Kobold Librarian;Common;Minion;1;2;1;Battlecry: Draw a card. Deal 2 damage to your hero.;00004
0761;Leper Gnome;Common;Minion;1;1;1;Deathrattle: Deal 2 damage to the enemy hero.;00001
0762;Mana Wyrm;Common;Minion;1;1;3;Whenever you cast a spell gain +1 Attack.;00001
0763;Righteous Protector;Common;Minion;1;1;1;Taunt. Divine Shield;00003
0764;Sanguine Reveler;Common;Minion;1;1;1;Battlecry: Destroy a friendly minion and gain +2/+2.;00003
0765;Shieldbearer;Common;Minion;1;0;4;Taunt;00001
0766;Southsea Deckhand;Common;Minion;1;2;1;Has Charge while you have a weapon equipped.;00001
0767;Swamp Dragon Egg;Common;Minion;1;0;3;Deathrattle: Add a random Dragon to your hand.;00005
0768;Swamp Leech;Common;Minion;1;2;1;Lifesteal;00005
0769;Wax Elemental;Common;Minion;1;0;2;Taunt. Divine Shield;00004
0770;Witch's Apprentice;Common;Minion;1;0;1;Taunt. Battlecry: Add a random Shaman spell to your hand.;00005
0771;Witchwood Imp;Common;Minion;1;1;1;Stealth. Deathrattle: Give a random friendly minion +2 Health.;00005
0772;Worgen Infiltrator;Common;Minion;1;2;1;Stealth;00001
0773;Wretched Tiller;Common;Minion;1;1;1;Whenever this minion attacks deal 2 damage to the enemy hero.;00003
0774;Young Dragonhawk;Common;Minion;1;1;1;Windfury;00001
0775;Snowflipper Penguin;Common;Minion;0;1;1;;00003
0776;Wisp;Common;Minion;0;1;1;;00001
0777;Arcanite Reaper;Free;Weapon;5;5;2;;00001
0778;Assassin's Blade;Free;Weapon;5;3;4;;00001
0779;Truesilver Champion;Free;Weapon;4;4;2;Whenever your hero attacks restore 2 Health to it.;00001
0780;Fiery War Axe;Free;Weapon;3;3;2;;00001
0781;Light's Justice;Free;Weapon;1;1;4;;00001
0782;Mind Control;Free;Ability;10;0;0;Take control of an enemy minion.;00001
0783;Flamestrike;Free;Ability;7;0;0;Deal 4 damage to all enemy minions.;00001
0784;Sprint;Free;Ability;7;0;0;Draw 4 cards.;00001
0785;Starfire;Free;Ability;6;0;0;Deal 5 damage. Draw a card.;00001
0786;Vanish;Free;Ability;6;0;0;Return all minions to their owner's hand.;00001
0787;Assassinate;Free;Ability;5;0;0;Destroy an enemy minion.;00001
0788;Bloodlust;Free;Ability;5;0;0;Give your minions +3 Attack this turn.;00001
0789;Holy Nova;Free;Ability;5;0;0;Deal 2 damage to all enemies. Restore 2 Health to all friendly characters.;00001
0790;Blessing of Kings;Free;Ability;4;0;0;Give a minion +4/+4. (+4 Attack/+4 Health);00001
0791;Consecration;Free;Ability;4;0;0;Deal 2 damage to all enemies.;00001
0792;Fireball;Free;Ability;4;0;0;Deal 6 damage.;00001
0793;Hammer of Wrath;Free;Ability;4;0;0;Deal 3 damage. Draw a card.;00001
0794;Hellfire;Free;Ability;4;0;0;Deal 3 damage to ALL characters.;00001
0795;Hex;Free;Ability;4;0;0;Transform a minion into a 0/1 Frog with Taunt.;00001
0796;Multi-Shot;Free;Ability;4;0;0;Deal 3 damage to two random enemy minions.;00001
0797;Polymorph;Free;Ability;4;0;0;Transform a minion into a 1/1 Sheep.;00001
0798;Swipe;Free;Ability;4;0;0;Deal 4 damage to an enemy and 1 damage to all other enemies.;00001
0799;Animal Companion;Free;Ability;3;0;0;Summon a random Beast Companion.;00001
0800;Arcane Intellect;Free;Ability;3;0;0;Draw 2 cards.;00001
0801;Drain Life;Free;Ability;3;0;0;Deal 2 damage. Restore 2 Health to your hero.;00001
0802;Fan of Knives;Free;Ability;3;0;0;Deal 1 damage to all enemy minions. Draw a card.;00001
0803;Frost Nova;Free;Ability;3;0;0;Freeze all enemy minions.;00001
0804;Healing Touch;Free;Ability;3;0;0;Restore 8 Health.;00001
0805;Kill Command;Free;Ability;3;0;0;Deal 3 damage. If you control a Beast deal 5 damage instead.;00001
0806;Savage Roar;Free;Ability;3;0;0;Give your characters +2 Attack this turn.;00001
0807;Shadow Bolt;Free;Ability;3;0;0;Deal 4 damage to a minion.;00001
0808;Shadow Word: Death;Free;Ability;3;0;0;Destroy a minion with 5 or more Attack.;00001
0809;Shield Block;Free;Ability;3;0;0;Gain 5 Armor. Draw a card.;00001
0810;Arcane Explosion;Free;Ability;2;0;0;Deal 1 damage to all enemy minions.;00001
0811;Cleave;Free;Ability;2;0;0;Deal 2 damage to two random enemy;00001
0812;Divine Spirit;Free;Ability;2;0;0;Double a minion's Health.;00001
0813;Execute;Free;Ability;2;0;0;Destroy a damaged enemy minion.;00001
0814;Frostbolt;Free;Ability;2;0;0;Deal 3 damage to a character and Freeze it.;00001
0815;Heroic Strike;Free;Ability;2;0;0;Give your hero +4 Attack this turn.;00001
0816;Holy Light;Free;Ability;2;0;0;Restore 6 Health.;00001
0817;Mark of the Wild;Free;Ability;2;0;0;Give a minion Taunt and +2/+2. (+2 Attack/+2 Health);00001
0818;Mind Blast;Free;Ability;2;0;0;Deal 5 damage to the enemy hero.;00001
0819;Rockbiter Weapon;Free;Ability;2;0;0;Give a friendly character +3 Attack this turn.;00001
0820;Sap;Free;Ability;2;0;0;Return an enemy minion to your opponent's hand.;00001
0821;Shadow Word: Pain;Free;Ability;2;0;0;Destroy a minion with 3 or less Attack.;00001
0822;Shiv;Free;Ability;2;0;0;Deal 1 damage. Draw a card.;00001
0823;Wild Growth;Free;Ability;2;0;0;Gain an empty Mana Crystal.;00001
0824;Windfury;Free;Ability;2;0;0;Give a minion Windfury.;00001
0825;Arcane Missiles;Free;Ability;1;0;0;Deal 3 damage randomly split among all enemies.;00001
0826;Arcane Shot;Free;Ability;1;0;0;Deal 2 damage.;00001
0827;Blessing of Might;Free;Ability;1;0;0;Give a minion +3 Attack.;00001
0828;Charge;Free;Ability;1;0;0;Give a friendly minion Charge. It can't attack heroes this turn.;00001
0829;Claw;Free;Ability;1;0;0;Give your hero +2 Attack this turn. Gain 2 Armor.;00001
0830;Corruption;Free;Ability;1;0;0;Choose an enemy minion. At the start of your turn destroy it.;00001
0831;Deadly Poison;Free;Ability;1;0;0;Give your weapon +2 Attack.;00001
0832;Frost Shock;Free;Ability;1;0;0;Deal 1 damage to an enemy character and Freeze it.;00001
0833;Hand of Protection;Free;Ability;1;0;0;Give a minion Divine Shield.;00001
0834;Holy Smite;Free;Ability;1;0;0;Deal 2 damage.;00001
0835;Humility;Free;Ability;1;0;0;Change a minion's Attack to 1.;00001
0836;Hunter's Mark;Free;Ability;1;0;0;Change a minion's Health to 1.;00001
0837;Mind Vision;Free;Ability;1;0;0;Put a copy of a random card in your opponent's hand into your hand.;00001
0838;Mirror Image;Free;Ability;1;0;0;Summon two 0/2 minions with Taunt.;00001
0839;Mortal Coil;Free;Ability;1;0;0;Deal 1 damage to a minion. If that kills it draw a card.;00001
0840;Power Word: Shield;Free;Ability;1;0;0;Give a minion +2 Health. Draw a card.;00001
0841;Sinister Strike;Free;Ability;1;0;0;Deal 3 damage to the enemy hero.;00001
0842;Soulfire;Free;Ability;1;0;0;Deal 4 damage. Discard a random card.;00001
0843;Tracking;Free;Ability;1;0;0;Look at the top 3 cards of your deck. Draw one and discard the others.;00001
0844;Whirlwind;Free;Ability;1;0;0;Deal 1 damage to ALL minions.;00001
0845;Ancestral Healing;Free;Ability;0;0;0;Restore a minion to full Health and give it Taunt.;00001
0846;Backstab;Free;Ability;0;0;0;Deal 2 damage to an undamaged minion.;00001
0847;Innervate;Free;Ability;0;0;0;Gain 1 Mana Crystal this turn only.;00001
0848;Moonfire;Free;Ability;0;0;0;Deal 1 damage.;00001
0849;Sacrificial Pact;Free;Ability;0;0;0;Destroy a Demon. Restore 5 Health to your hero.;00001
0850;Totemic Might;Free;Ability;0;0;0;Give your Totems +2 Health.;00001
0851;Ironbark Protector;Free;Minion;8;8;8;Taunt;00001
0852;Core Hound;Free;Minion;7;9;5;;00001
0853;Guardian of Kings;Free;Minion;7;5;6;Battlecry: Restore 6 Health to your hero.;00001
0854;Stormwind Champion;Free;Minion;7;6;6;Your other minions have +1/+1.;00001
0855;War Golem;Free;Minion;7;7;7;;00001
0856;Archmage;Free;Minion;6;4;7;Spell Damage +1;00001
0857;Boulderfist Ogre;Free;Minion;6;6;7;;00001
0858;Dread Infernal;Free;Minion;6;6;6;Battlecry: Deal 1 damage to ALL other characters.;00001
0859;Fire Elemental;Free;Minion;6;6;5;Battlecry: Deal 3 damage.;00001
0860;Lord of the Arena;Free;Minion;6;6;5;Taunt;00001
0861;Reckless Rocketeer;Free;Minion;6;5;2;Charge;00001
0862;Booty Bay Bodyguard;Free;Minion;5;5;4;Taunt;00001
0863;Darkscale Healer;Free;Minion;5;4;5;Battlecry: Restore 2 Health to all friendly characters.;00001
0864;Frostwolf Warlord;Free;Minion;5;4;4;Battlecry: Gain +1/+1 for each other friendly minion on the battlefield.;00001
0865;Gurubashi Berserker;Free;Minion;5;2;7;Whenever this minion takes damage gain +3 Attack.;00001
0866;Nightblade;Free;Minion;5;4;4;Battlecry: Deal 3 damage to the enemy hero.;00001
0867;Starving Buzzard;Free;Minion;5;3;2;Whenever you summon a Beast draw a card.;00001
0868;Stormpike Commando;Free;Minion;5;4;2;Battlecry: Deal 2 damage.;00001
0869;Tundra Rhino;Free;Minion;5;2;5;Your Beasts have Charge.;00001
0870;Chillwind Yeti;Free;Minion;4;4;5;;00001
0871;Dragonling Mechanic;Free;Minion;4;2;4;Battlecry: Summon a 2/1 Mechanical Dragonling.;00001
0872;Gnomish Inventor;Free;Minion;4;2;4;Battlecry: Draw a card.;00001
0873;Houndmaster;Free;Minion;4;4;3;Battlecry: Give a friendly Beast +2/+2 and Taunt.;00001
0874;Kor'kron Elite;Free;Minion;4;4;3;Charge;00001
0875;Oasis Snapjaw;Free;Minion;4;2;7;;00001
0876;Ogre Magi;Free;Minion;4;4;4;Spell Damage +1;00001
0877;Sen'jin Shieldmasta;Free;Minion;4;3;5;Taunt;00001
0878;Stormwind Knight;Free;Minion;4;2;5;Charge;00001
0879;Water Elemental;Free;Minion;4;3;6;Freeze any character damaged by this minion.;00001
0880;Windspeaker;Free;Minion;4;3;3;Battlecry: Give a friendly minion Windfury.;00001
0881;Dalaran Mage;Free;Minion;3;1;4;Spell Damage +1;00001
0882;Ironforge Rifleman;Free;Minion;3;2;2;Battlecry: Deal 1 damage.;00001
0883;Ironfur Grizzly;Free;Minion;3;3;3;Taunt;00001
0884;Magma Rager;Free;Minion;3;5;1;;00001
0885;Raid Leader;Free;Minion;3;2;2;Your other minions have +1 Attack.;00001
0886;Razorfen Hunter;Free;Minion;3;2;3;Battlecry: Summon a 1/1 Boar.;00001
0887;Shattered Sun Cleric;Free;Minion;3;3;2;Battlecry: Give a friendly minion +1/+1.;00001
0888;Silverback Patriarch;Free;Minion;3;1;4;Taunt;00001
0889;Warsong Commander;Free;Minion;3;2;3;Your Charge minions have +1 Attack.;00001
0890;Wolfrider;Free;Minion;3;3;1;Charge;00001
0891;Acidic Swamp Ooze;Free;Minion;2;3;2;Battlecry: Destroy your opponent's weapon.;00001
0892;Bloodfen Raptor;Free;Minion;2;3;2;;00001
0893;Bluegill Warrior;Free;Minion;2;2;1;Charge;00001
0894;Flametongue Totem;Free;Minion;2;0;3;Adjacent minions have +2 Attack.;00001
0895;Frostwolf Grunt;Free;Minion;2;2;2;Taunt;00001
0896;Kobold Geomancer;Free;Minion;2;2;2;Spell Damage +1;00001
0897;Murloc Tidehunter;Free;Minion;2;2;1;Battlecry: Summon a 1/1 Murloc Scout.;00001
0898;Novice Engineer;Free;Minion;2;1;1;Battlecry: Draw a card.;00001
0899;River Crocolisk;Free;Minion;2;2;3;;00001
0900;Succubus;Free;Minion;2;4;3;Battlecry: Discard a random card.;00001
0901;Elven Archer;Free;Minion;1;1;1;Battlecry: Deal 1 damage.;00001
0902;Goldshire Footman;Free;Minion;1;1;2;Taunt;00001
0903;Grimscale Oracle;Free;Minion;1;1;1;Your other Murlocs have +1 Attack.;00001
0904;Murloc Raider;Free;Minion;1;2;1;;00001
0905;Northshire Cleric;Free;Minion;1;1;3;Whenever a minion is healed draw a card.;00001
0906;Stonetusk Boar;Free;Minion;1;1;1;Charge;00001
0907;Timber Wolf;Free;Minion;1;1;1;Your other Beasts have +1 Attack.;00001
0908;Voidwalker;Free;Minion;1;1;3;Taunt;00001
0909;Voodoo Doctor;Free;Minion;1;2;1;Battlecry: Restore 2 Health.;00001
